preparation_utilization,training_utilization,finetuning_utilization,inference_utilization,composite_utilization,ambient_temperature_c,gpu_power_mw,cpu_power_mw,storage_power_mw,network_power_mw,it_power_mw,dynamic_pue,cooling_power_mw,auxiliary_power_mw,facility_power_mw,solar_generation_mw,wind_generation_mw,renewable_generation_mw,renewable_to_load_mw,renewable_curtailed_mw,battery_charge_mw,battery_discharge_mw,battery_soc_mwh,grid_power_mw,tariff_per_kwh,grid_capacity_mw,grid_capacity_exceeded,it_energy_kwh,facility_energy_kwh,grid_energy_kwh,cost,carbon_kg,water_l,timestamp
0.18,0.03,0.16271874660466967,0.24042727530711427,0.16650687607937983,19.050252531694166,1.8151419647554685,0.5332035379517938,0.20583478039203268,0.20357551453084619,2.757755797630141,1.2382888994743275,0.56514263087116,0.09199996316507253,3.4148983916663735,0.0,0.0,0.0,0.0,0.0,0.0,0.0,0.0,3.4148983916663735,0.08,15.0,False,689.4389494075352,853.7245979165934,853.7245979165934,68.29796783332748,384.17606906246704,344.7194747037676,2026-01-01 00:00:00
0.13740173031203412,0.07054105961166372,0.1935398641489112,0.2616268391877864,0.26721605540553106,19.419449771870642,2.2886974734563315,0.5934952393034646,0.20483342248852118,0.2133432640072734,3.3003693992555907,1.2333868047636438,0.662425895023493,0.10783677360847566,4.070632067887559,0.0,0.0,0.0,0.0,0.0,0.0,0.0,0.0,4.070632067887559,0.08,15.0,False,825.0923498138977,1017.6580169718899,1017.6580169718899,81.4126413577512,457.94610763735045,412.54617490694886,2026-01-01 00:15:00
0.2207468130403137,0.15854655145129168,0.28873442989292497,0.23756902937151578,0.31300212143485,18.95531777850356,2.5039930794279233,0.6209060457222868,0.21542376456663634,0.23177106382547671,3.572093953542323,1.231218786188904,0.7103042961580696,0.11563093193270901,4.398029181633102,0.0,0.0,0.0,0.0,0.0,0.0,0.0,0.0,4.398029181633102,0.08,15.0,False,893.0234883855808,1099.5072954082755,1099.5072954082755,87.96058363266204,494.778282933724,446.5117441927904,2026-01-01 00:30:00
0.3022271026322245,0.24549704202499711,0.3347851326057377,0.2675243822197989,0.3654768152208915,18.63714177784564,2.7507400043461976,0.6523211420167598,0.22663888373795357,0.25060906955116163,3.8803090996520724,1.2289912977797655,0.7641590342037266,0.12439798231223453,4.7688661161680335,0.0,0.0,0.0,0.0,0.0,0.0,0.0,0.0,4.7688661161680335,0.08,15.0,False,970.0772749130181,1192.2165290420085,1192.2165290420085,95.37732232336067,536.4974380689039,485.03863745650904,2026-01-01 00:45:00
0.1854650791303673,0.3907803085312859,0.12508340146267494,0.3321006655418176,0.33343237869727244,18.298546960695717,2.6000603985693442,0.6331370556227311,0.21929314901619135,0.2666878927217546,3.7191784959300214,1.2301250796895158,0.7360535730696692,0.11982267468576013,4.575054743685451,0.0,0.0,0.0,0.0,0.0,0.0,0.0,0.0,4.575054743685451,0.08,15.0,False,929.7946239825053,1143.7636859213626,1143.7636859213626,91.50109487370901,514.6936586646132,464.89731199125265,2026-01-01 01:00:00
0.13361518331718078,0.47425599386506234,0.17211345462625657,0.33678836972135395,0.36540492013163967,18.255400673313286,2.7504019386823573,0.6522781004859001,0.21857999892089292,0.28342728797602934,3.9046873260651793,1.228825624049068,0.768403562128882,0.12508895197446923,4.7981798401685305,0.0,0.0,0.0,0.0,0.0,0.0,0.0,0.0,4.7981798401685305,0.08,15.0,False,976.1718315162948,1199.5449600421325,1199.5449600421325,95.9635968033706,539.7952320189596,488.0859157581474,2026-01-01 01:15:00
0.1820508000688898,0.5561503438233213,0.21812020130838228,0.34556865767835937,0.3383845707336718,17.99654724799139,2.6233466355804373,0.6361017911641434,0.22621585122201485,0.30010369209526105,3.785767970061857,1.2296483687309068,0.7476800772978429,0.12171536142057904,4.655163408780279,0.0,0.0,0.0,0.0,0.0,0.0,0.0,0.0,4.655163408780279,0.08,15.0,False,946.4419925154642,1163.7908521950696,1163.7908521950696,93.10326817560558,523.7058834877813,473.2209962577321,2026-01-01 01:30:00
0.19057012073517665,0.6115964689976828,0.16052311026516572,0.32979079551753865,0.3511791644363441,18.013427943396753,2.683509476445893,0.6437615479767698,0.2269049821559978,0.3049867800104978,3.8591627865891582,1.2291362552766447,0.7604757341029379,0.12379837531908289,4.743436896011179,0.0,0.0,0.0,0.0,0.0,0.0,0.0,0.0,4.743436896011179,0.08,15.0,False,964.7906966472896,1185.8592240027947,1185.8592240027947,94.86873792022358,533.6366508012576,482.3953483236448,2026-01-01 01:45:00
0.21323431892450195,0.7246831273823702,0.2517413069988049,0.2861187380119748,0.45183111927134145,18.05516143059162,3.156795903686656,0.7040189906644961,0.23250350398635963,0.3260986159120841,4.419417014249595,1.225687206214529,0.857769055976934,0.13963682306601255,5.416822893292542,0.0,0.0,0.0,0.0,0.0,0.0,0.0,0.0,5.416822893292542,0.08,15.0,False,1104.8542535623988,1354.2057233231355,1354.2057233231355,108.33645786585085,609.392575495411,552.4271267811994,2026-01-01 02:00:00
0.17413791035187193,0.8229580483001515,0.3842903712863863,0.27203500101446254,0.4549331714126784,18.068791936064873,3.171382398082068,0.7058761004387414,0.23435821623152472,0.3489695701681002,4.460586284920435,1.2254658515567647,0.86491050124793,0.14079938392408164,5.466296170092447,0.0,0.0,0.0,0.0,0.0,0.0,0.0,0.0,5.466296170092447,0.08,15.0,False,1115.1465712301087,1366.5740425231118,1366.5740425231118,109.32592340184894,614.9583191354003,557.5732856150544,2026-01-01 02:15:00
0.247836988458271,0.925183537500433,0.33195249697370716,0.24805616379330475,0.5032944418117171,18.20638870686659,3.398787150642591,0.7348286079598615,0.2416535535422205,0.36135572558047574,4.736625037725148,1.2240951667476299,0.9128511087790137,0.14860366887100218,5.798079815375164,0.0,0.0,0.0,0.0,0.0,0.0,0.0,0.0,5.798079815375164,0.08,15.0,False,1184.156259431287,1449.519953843791,1449.519953843791,115.96159630750329,652.283979229706,592.0781297156435,2026-01-01 02:30:00
0.29472094831227996,0.8391631558964686,0.4029174255904816,0.2180096676983901,0.4268881251903023,17.964387261523058,3.0395087573748407,0.6890863344755285,0.24338182336719494,0.34932191737633517,4.3212988325939,1.2262324716428574,0.8407515794203969,0.13686653618471578,5.298916948199013,0.0,0.0,0.0,0.0,0.0,0.0,0.0,0.0,5.298916948199013,0.08,15.0,False,1080.324708148475,1324.7292370497532,1324.7292370497532,105.97833896398026,596.128156672389,540.1623540742376,2026-01-01 02:45:00
0.2809995416111555,0.7863981115258807,0.3825392403561474,0.25956623145868113,0.42482970031948797,18.060472016660984,3.029829615479899,0.6878540144586602,0.24164898260628734,0.3420585475937948,4.301391160138642,1.2263461486047267,0.8372988575562272,0.13630446518357187,5.274994482878441,0.0,0.0,0.0,0.0,0.0,0.0,0.0,0.0,5.274994482878441,0.08,15.0,False,1075.3477900346604,1318.7486207196102,1318.7486207196102,105.49988965756881,593.4368793238247,537.6738950173302,2026-01-01 03:00:00
0.33113323727879096,0.7476042658429239,0.4016593313849766,0.2660492237924009,0.43218436759439954,17.986277239630816,3.064412790777326,0.692257043118479,0.24522861868219198,0.33715215115871533,4.3390506037367125,1.2261319718208181,0.8438303392138327,0.1373677296394611,5.320248672590006,0.0,0.0,0.0,0.0,0.0,0.0,0.0,0.0,5.320248672590006,0.08,15.0,False,1084.762650934178,1330.0621681475016,1330.0621681475016,106.40497345180013,598.5279756663757,542.381325467089,2026-01-01 03:15:00
0.3231672693754223,0.8059013128747371,0.5565393287463021,0.27446511123908307,0.4533399374673258,17.745909583337905,3.1638906806783598,0.7049222769058788,0.2496512330308251,0.3561062537842626,4.474570444399326,1.2253916626555015,0.867336550033804,0.14119432209852623,5.483101316531656,0.0,0.0,0.0,0.0,0.0,0.0,0.0,0.0,5.483101316531656,0.08,15.0,False,1118.6426110998316,1370.775329132914,1370.775329132914,109.66202633063313,616.8488981098113,559.3213055499158,2026-01-01 03:30:00
0.22666666374943198,0.8927240330612433,0.5373426875870958,0.26742610443800063,0.49368014806536037,18.03040556636167,3.353578741674122,0.7290728056472907,0.24365071093491003,0.36889669359139315,4.695198951847716,1.224288272902289,0.905647134904603,0.14743092893795862,5.748277015690277,0.0,0.0,0.0,0.0,0.0,0.0,0.0,0.0,5.748277015690277,0.08,15.0,False,1173.799737961929,1437.0692539225693,1437.0692539225693,114.96554031380555,646.6811642651562,586.8998689809645,2026-01-01 03:45:00
0.22200973936286159,0.8212570015198569,0.6029488077393402,0.26441635369821687,0.49588547488445506,18.03407667517302,3.363948647085484,0.7303930716533226,0.24234242927564492,0.3606506650897343,4.697334813104185,1.224278207895125,0.9060184570390948,0.1474913767272945,5.750844646870575,0.0,0.0,0.0,0.0,0.0,0.0,0.0,0.0,5.750844646870575,0.08,15.0,False,1174.3337032760464,1437.7111617176438,1437.7111617176438,115.01689293741151,646.9700227729397,587.1668516380232,2026-01-01 04:00:00
0.12933545977939925,0.7749309813595696,0.5157278629466806,0.2872423862718902,0.4792450643802854,18.302439763452202,3.2857019756894936,0.7204309344658331,0.23233807259420933,0.34947511626815425,4.58794609901769,1.2248088965364126,0.8870135459042868,0.14439755398441878,5.619357198906395,0.0,0.0,0.0,0.0,0.0,0.0,0.0,0.0,5.619357198906395,0.08,15.0,False,1146.9865247544224,1404.8392997265987,1404.8392997265987,112.3871439781279,632.1776848769695,573.4932623772112,2026-01-01 04:15:00
0.1680313800066166,0.79269563864526,0.7062651753613505,0.28737243701671716,0.5163138803347908,18.46007581882138,3.460007258621296,0.7426229729269065,0.2398418749216211,0.3632526024163369,4.805724708886159,1.2237829601606312,0.9248777989216034,0.1505615021500285,5.881164009957791,0.0,0.0,0.0,0.0,0.0,0.0,0.0,0.0,5.881164009957791,0.08,15.0,False,1201.4311772215399,1470.2910024894477,1470.2910024894477,117.62328019915581,661.6309511202514,600.7155886107699,2026-01-01 04:30:00
0.1373254247501127,0.7674457341157791,0.7510502259193468,0.3010013386319478,0.5025454321751519,18.596815295506286,3.395265151537457,0.7343801973420859,0.23789343101213548,0.36248761638191207,4.730026396273591,1.2241256281992727,0.9117033182190061,0.14841681924495453,5.790146533737552,0.0,0.0,0.0,0.0,0.0,0.0,0.0,0.0,5.790146533737552,0.08,15.0,False,1182.506599068398,1447.536633434388,1447.536633434388,115.80293067475104,651.3914850454746,591.253299534199,2026-01-01 04:45:00
0.10260882009106057,0.8301457398257712,0.743940931231193,0.2990781820071245,0.49149153708277327,19.286296738220702,3.343287437602913,0.7277625469338342,0.2366861713234729,0.3723063088105724,4.680042464670793,1.2243600358573838,0.9030124658613515,0.1470020293262665,5.730056959858411,0.0,0.0,0.0,0.0,0.0,0.0,0.0,0.0,5.730056959858411,0.08,15.0,False,1170.0106161676981,1432.5142399646027,1432.5142399646027,114.60113919716821,644.6314079840712,585.0053080838491,2026-01-01 05:00:00
0.04297349303150724,0.6591512957168305,0.8025332894014541,0.2957954189553605,0.427845131558079,19.306379192454116,3.0440088003734522,0.689659266779254,0.22773134700218645,0.34722545682333344,4.308624870978226,1.2263047237778493,0.838553458708625,0.13650870258047387,5.283687032267325,0.0,0.0,0.0,0.0,0.0,0.0,0.0,0.0,5.283687032267325,0.08,15.0,False,1077.1562177445567,1320.9217580668312,1320.9217580668312,105.6737406453465,594.414791130074,538.5781088722783,2026-01-01 05:15:00
0.11693058038028617,0.6378984464246487,0.7422356584047053,0.27139382312664584,0.4620024758774397,19.413928410996323,3.204623738090704,0.710108290556914,0.23120562202442424,0.33876248776911955,4.484700138441162,1.2253382391037664,0.8690940116100837,0.1414804204946648,5.49527457054591,0.0,0.0,0.0,0.0,0.0,0.0,0.0,0.0,5.49527457054591,0.08,15.0,False,1121.1750346102904,1373.8186426364775,1373.8186426364775,109.9054914109182,618.2183891864149,560.5875173051452,2026-01-01 05:30:00
0.09073448384334026,0.6263996664713098,0.9109172717456541,0.23858098944705133,0.4735308920073034,19.3581301071356,3.2588327486438784,0.7170100231200254,0.23095977836617365,0.34440783862437335,4.55121038875445,1.224994073865429,0.8806360150906928,0.1433593512938337,5.575205755138977,0.0,0.0,0.0,0.0,0.0,0.0,0.0,0.0,5.575205755138977,0.08,15.0,False,1137.8025971886125,1393.801438784744,1393.801438784744,111.50411510277952,627.2106474531348,568.9012985943062,2026-01-01 05:45:00
0.05555646465711657,0.6160311580594239,0.9917915021386869,0.24825196628379181,0.4928831273795055,19.669168623433652,3.3498309846289303,0.7285956521893419,0.2296689210174663,0.34790307478446575,4.655998632620204,1.2244751002640757,0.8988339535026648,0.1463218063841547,5.701154392507023,0.0,0.0,0.0,0.0,0.0,0.0,0.0,0.0,5.701154392507023,0.08,15.0,False,1163.9996581550508,1425.2885981267557,1425.2885981267557,114.02308785014046,641.37986915704,581.9998290775254,2026-01-01 06:00:00
0.04,0.5314460765877481,1.0,0.26655534207520765,0.4660199302231797,19.47462418466898,3.2235146440548776,0.7125134254138161,0.22663710852684887,0.33556156282307137,4.498226740818613,1.2252673151588713,0.8714409763568424,0.14186248452320693,5.511530201698663,0.0,0.0,0.0,0.0,0.0,0.0,0.0,0.0,5.511530201698663,0.08,15.0,False,1124.5566852046534,1377.8825504246656,1377.8825504246656,110.23060403397325,620.0471476910996,562.2783426023267,2026-01-01 06:15:00
0.08219664170658622,0.5451610077303187,1.0,0.2565548804283182,0.48203831567395833,19.66145424193956,3.2988364242686123,0.7221031740166379,0.23019890025382828,0.33719831026019315,4.588336808799272,1.2248069458482325,0.8870813866779028,0.14440859783128657,5.619826793308461,0.0,0.0,0.0,0.0,0.0,0.0,0.0,0.0,5.619826793308461,0.08,15.0,False,1147.084202199818,1404.9566983271154,1404.9566983271154,112.39653586616923,632.230514247202,573.542101099909,2026-01-01 06:30:00
0.1138685925985278,0.6020998896218123,1.0,0.27731749906156317,0.45383878925056576,20.00686924025633,3.1662363855243245,0.7052209251813896,0.23519264480517335,0.34789055465127977,4.454540510162167,1.2254980826180641,0.8638616958280136,0.14062864815804876,5.45903085414823,0.0,0.0,0.0,0.0,0.0,0.0,0.0,0.0,5.45903085414823,0.08,15.0,False,1113.6351275405418,1364.7577135370575,1364.7577135370575,109.1806170829646,614.1409710916759,556.8175637702709,2026-01-01 06:45:00
0.568259804688213,0.7284401434427089,1.0,0.3009009272542124,0.49415800116206826,20.694156100445216,3.355825706328287,0.7293588826105769,0.27724885985256303,0.3702082590747072,4.732641707866134,1.2241135415769817,0.9121582209817404,0.14849087318307397,5.793290802030948,0.0,0.0,0.0,0.0,0.0,0.0,0.0,0.0,5.793290802030948,0.08,15.0,False,1183.1604269665334,1448.322700507737,1448.322700507737,115.86581604061895,651.7452152284817,591.5802134832667,2026-01-01 07:00:00
0.6031664214641447,0.7237987297589002,1.0,0.27670781016590124,0.4678243101572727,21.147453920825647,3.2319992138160094,0.7135936560029162,0.2791942082518761,0.36792872335412463,4.5927158014249265,1.2247851100192233,0.8878417489708816,0.14453237773944583,5.625089928135254,0.0,0.0,0.0,0.0,0.0,0.0,0.0,0.0,5.625089928135254,0.08,15.0,False,1148.1789503562316,1406.2724820338135,1406.2724820338135,112.50179856270508,632.8226169152161,574.0894751781158,2026-01-01 07:15:00
0.7458789532132539,0.6682487988995184,1.0,0.2839080855911381,0.434123105665925,21.628775424180493,3.073529140447158,0.693417710076443,0.28956523307777754,0.35921535413205635,4.415727437733435,1.225707258469543,0.8571290913428157,0.1395326427767375,5.412389171852988,0.0,0.0,0.0,0.0,0.0,0.0,0.0,0.0,5.412389171852988,0.08,15.0,False,1103.9318594333588,1353.097292963247,1353.097292963247,108.24778343705975,608.8937818334612,551.9659297166794,2026-01-01 07:30:00
0.7042342576340835,0.6954114722087994,0.993761864482534,0.32155119558169976,0.4611144021051671,21.907081291659118,3.2004478304941335,0.7095766262238872,0.2880536050929206,0.3656969183399927,4.563774980150933,1.2249303446504403,0.8828170721054684,0.14371440708693672,5.5903064593433385,0.0,0.0,0.0,0.0,0.0,0.0,0.0,0.0,5.5903064593433385,0.08,15.0,False,1140.9437450377334,1397.5766148358346,1397.5766148358346,111.80612918686677,628.9094766761256,570.4718725188667,2026-01-01 07:45:00
0.6696033822675089,0.7876383709217312,0.9607394903790241,0.35753849199438803,0.5246668483781499,22.10058769209012,3.499284651778524,0.7476236556654607,0.28846981438262126,0.381284708325092,4.916662830151697,1.2236596634859145,0.9457068724962718,0.15395228156916052,6.01632198421713,0.0,0.0,0.0,0.0,0.0,0.0,0.0,0.0,6.01632198421713,0.08,15.0,False,1229.1657075379244,1504.0804960542823,1504.0804960542823,120.32643968434259,676.836223224427,614.5828537689622,2026-01-01 08:00:00
0.6274423587767533,0.7153174627890542,0.8886647316750966,0.3583883703778481,0.51723489499175,22.345367421985394,3.464338061109367,0.7431743580241682,0.28143814749118845,0.3653073187938867,4.854257885418611,1.2247798629728994,0.9383799031947803,0.15275951912473162,5.945397307738123,0.0,0.0,0.0,0.0,0.0,0.0,0.0,0.0,5.945397307738123,0.08,15.0,False,1213.5644713546528,1486.3493269345306,1486.3493269345306,118.90794615476246,668.8571971205388,606.7822356773264,2026-01-01 08:15:00
0.6882442220608931,0.6704990254629544,1.0,0.388943304062109,0.49329667381137227,22.88141762613936,3.351775565969225,0.7288432305941306,0.2883422455722164,0.3661590176473973,4.735120059782969,1.2271870659654636,0.9251519087036206,0.15060612467268242,5.810878093159272,0.0,0.0,0.0,0.0,0.0,0.0,0.0,0.0,5.810878093159272,0.08,15.0,False,1183.7800149457423,1452.719523289818,1452.719523289818,116.21756186318544,653.7237854804181,591.8900074728712,2026-01-01 08:30:00
0.7721834973305398,0.7379832076967686,0.8307425047667651,0.4365903420869228,0.5952350118092056,23.655059880640522,3.831110834409341,0.7898707940394332,0.2954991013397144,0.37064489587025196,5.287125625658741,1.2277440912919024,1.0355359941991316,0.16857562696264927,6.491237246820522,0.0,0.0,0.0,0.0,0.0,0.0,0.0,0.0,6.491237246820522,0.08,15.0,False,1321.7814064146853,1622.8093117051305,1622.8093117051305,129.82474493641044,730.2641902673088,660.8907032073427,2026-01-01 08:45:00
0.7620324797887473,0.7318566221383606,0.8936932727738934,0.47523431816025746,0.554756719039216,23.600120794480173,3.640773482319954,0.7656375994563452,0.2970027314626807,0.37563327951626796,5.079047092755247,1.2282697632003514,0.9970778743461396,0.16231500280053435,6.238439969901921,0.0,0.0,0.0,0.0,0.0,0.0,0.0,0.0,6.238439969901921,0.08,15.0,False,1269.7617731888117,1559.6099924754803,1559.6099924754803,124.76879939803842,701.8244966139662,634.8808865944059,2026-01-01 09:00:00
0.7081942906891074,0.7856365802673373,0.9220456527127843,0.49140995042076807,0.5873634937176648,24.471420478861017,3.7940973190671534,0.7851583415983059,0.2952519207793428,0.38713021215967724,5.261637793604479,1.2306832651571138,1.0438437362203676,0.16992805008238543,6.475409579907232,0.0,0.0,0.0,0.0,0.0,0.0,0.0,0.0,6.475409579907232,0.08,15.0,False,1315.4094484011198,1618.852394976808,1618.852394976808,129.50819159814463,728.4835777395637,657.7047242005599,2026-01-01 09:15:00
0.6652690267324176,0.7781229107615831,0.791343215169581,0.49738793081599697,0.5874672727083351,24.514172058555904,3.7945853094673154,0.7852204711077898,0.2890911731812168,0.37882972720852937,5.247726680964852,1.2308783130504435,1.0419642037678325,0.16962207968313558,6.45931296441582,0.0,0.0,0.0,0.0,0.0,0.0,0.0,0.0,6.45931296441582,0.08,15.0,False,1311.931670241213,1614.828241103955,1614.828241103955,129.1862592883164,726.6727084967797,655.9658351206065,2026-01-01 09:30:00
0.7225109681115601,0.8207102925097466,0.8887598893815688,0.4981696330536267,0.5907868327184059,25.270963498596256,3.81019457110315,0.7872077966136205,0.29704037951805856,0.3914457348786316,5.285888482113461,1.2334036909509447,1.061021458245117,0.17272442343525163,6.51963436379383,0.0,0.0,0.0,0.0,0.0,0.0,0.0,0.0,6.51963436379383,0.08,15.0,False,1321.4721205283652,1629.9085909484575,1629.9085909484575,130.3926872758766,733.4588659268059,660.7360602641826,2026-01-01 09:45:00
0.7710286711246057,0.7338643131236929,0.8533586969467126,0.5213080177085603,0.6112928550656932,25.304999403911555,3.9066181534327424,0.7994841649004614,0.2985277449130286,0.3765530455738181,5.38118310882005,1.2332311753578875,1.0793513087060558,0.17570835258005557,6.636242770106161,0.0,0.0,0.0,0.0,0.0,0.0,0.0,0.0,6.636242770106161,0.08,15.0,False,1345.2957772050124,1659.0606925265404,1659.0606925265404,132.72485540212324,746.5773116369431,672.6478886025062,2026-01-01 10:00:00
0.7929918598450209,0.7430219321789899,0.8166148669421951,0.5346917249049146,0.6249989539402798,25.854244589199048,3.971067081209616,0.8076896137540047,0.300327466235102,0.3768110396949129,5.455895200893636,1.2349413462934389,1.1023612128111224,0.17945415092274097,6.737710564627499,0.0,0.0,0.0,0.0,0.0,0.0,0.0,0.0,6.737710564627499,0.08,15.0,False,1363.973800223409,1684.4276411568749,1684.4276411568749,134.75421129255,757.9924385205937,681.9869001117045,2026-01-01 10:15:00
0.7288629008901549,0.7360061694423525,0.7239823079898086,0.5542888163776825,0.6397393887349954,25.584054795851607,4.040379671624805,0.8165142898995483,0.2936349305714191,0.3716105066861595,5.522139398781932,1.2338196468711347,1.110418828408879,0.18076585578749205,6.813324082978303,0.0,0.0,0.0,0.0,0.0,0.0,0.0,0.0,6.813324082978303,0.08,15.0,False,1380.534849695483,1703.3310207445757,1703.3310207445757,136.26648165956607,766.4989593350591,690.2674248477415,2026-01-01 10:30:00
0.7289098122673274,0.6642089676619152,0.6421477346614267,0.5590068045468564,0.5689569229719453,25.63048694122919,3.707545794854065,0.7741388548570297,0.2900385107569219,0.3554063642831113,5.127129524751128,1.2352001688826637,1.037075487890091,0.16882624221466602,6.333031254855885,0.0,0.0,0.0,0.0,0.0,0.0,0.0,0.0,6.333031254855885,0.08,15.0,False,1281.782381187782,1583.2578137139712,1583.2578137139712,126.6606250971177,712.466016171287,640.891190593891,2026-01-01 10:45:00
0.7155657768602341,0.5922098761258521,0.5814064061104607,0.5758313070867261,0.5414517123592876,26.19067058157312,3.578210573469541,0.7576722730124635,0.28614823474850004,0.3411263614284124,4.963157442658917,1.2377852184018816,1.0149423097603947,0.16522316670518045,6.1433229191244925,0.0,0.0,0.0,0.0,0.0,0.0,0.0,0.0,6.1433229191244925,0.08,15.0,False,1240.7893606647294,1535.8307297811232,1535.8307297811232,122.86645838248985,691.1238284015054,620.3946803323647,2026-01-01 11:00:00
0.7051192406531787,0.6932282475390336,0.5678188132507375,0.5728868340411957,0.5652439366530527,26.7357140786856,3.6900865608814777,0.7719159962878369,0.28792205802147,0.3568339008716425,5.106758516062427,1.2391422452218852,1.0502678597099504,0.1709738376272012,6.328000213399578,0.0,0.0,0.0,0.0,0.0,0.0,0.0,0.0,6.328000213399578,0.08,15.0,False,1276.6896290156067,1582.0000533498946,1582.0000533498946,126.56000426799157,711.9000240074527,638.3448145078033,2026-01-01 11:15:00
0.7319933502096944,0.6927938129492238,0.6050318926987022,0.5827606110758684,0.6382794247941828,27.0344673575783,4.033514617502605,0.815640251301551,0.29119190710041365,0.359496948139524,5.499843724044094,1.238954068595379,1.1302206296692234,0.18398940482987358,6.814053758543191,0.0,0.0,0.0,0.0,0.0,0.0,0.0,0.0,6.814053758543191,0.08,15.0,False,1374.9609310110236,1703.5134396357978,1703.5134396357978,136.28107517086383,766.5810478361091,687.4804655055118,2026-01-01 11:30:00
0.7064598019600273,0.6477344624946265,0.5375060665722563,0.5913612753737121,0.6362752763140245,27.83393917956322,4.024090694486016,0.8144404250052928,0.28668982853481256,0.34876058504416546,5.473981533070287,1.2418210864060109,1.1384027787124082,0.18532138258108977,6.797705694363785,0.0,0.0,0.0,0.0,0.0,0.0,0.0,0.0,6.797705694363785,0.08,15.0,False,1368.4953832675717,1699.4264235909461,1699.4264235909461,135.9541138872757,764.7418906159257,684.2476916337858,2026-01-01 11:45:00
0.7095306743250966,0.7788462529824072,0.42054485479969433,0.560481252391598,0.6120742990991801,28.349298186759146,3.9102926658185577,0.799951993062753,0.28750306510761064,0.3618040854450633,5.359551809433985,1.243950356583654,1.1244195345343908,0.18304504050559856,6.667016384473975,0.0,0.0,0.0,0.0,0.0,0.0,0.0,0.0,6.667016384473975,0.08,15.0,False,1339.8879523584962,1666.7540961184936,1666.7540961184936,133.3403276894795,750.0393432533222,669.9439761792481,2026-01-01 12:00:00
0.6685030299453456,0.7816313975847404,0.44592494791218124,0.5082871421747365,0.5934530573449385,28.32938687271116,3.8227317138718284,0.7888039889368522,0.28297699285927747,0.360441313501939,5.2549540091698965,1.244207906318918,1.1036391320881629,0.17966218429342184,6.538255325551481,0.0,0.0,0.0,0.0,0.0,0.0,0.0,0.0,6.538255325551481,0.08,15.0,False,1313.738502292474,1634.5638313878703,1634.5638313878703,130.76510651102961,735.5537241245416,656.869251146237,2026-01-01 12:15:00
0.6459598573813967,0.6242304622353768,0.45248704455367833,0.5321570260030722,0.5955091536236264,28.6742175216255,3.8323999062422454,0.7900349148923053,0.2773548781632951,0.33634223408016367,5.236131933378009,1.2454767103171989,1.1053996599415228,0.17994878185094554,6.521480375170477,0.0,0.0,0.0,0.0,0.0,0.0,0.0,0.0,6.521480375170477,0.08,15.0,False,1309.0329833445023,1630.3700937926194,1630.3700937926194,130.42960750340956,733.6665422066787,654.5164916722512,2026-01-01 12:30:00
0.6469057306502599,0.5694813133084512,0.4278152649682586,0.5249383075314608,0.5742874416299375,28.805909218547967,3.7326110023318253,0.7773300837115152,0.275078066173267,0.3254552564782544,5.110474408694862,1.246374389476591,1.0828174106450277,0.17627260173291148,6.369564421072801,0.0,0.0,0.0,0.0,0.0,0.0,0.0,0.0,6.369564421072801,0.08,15.0,False,1277.6186021737155,1592.3911052682004,1592.3911052682004,127.39128842145603,716.5759973706902,638.8093010868578,2026-01-01 12:45:00
0.5135189878199313,0.5705095129706681,0.4081309746465599,0.4746096713858507,0.47807030751921886,29.307298262566338,3.2801780245793313,0.7197276411781489,0.26204170622390743,0.32135587733714965,4.583303249318538,1.2504076510002524,0.987017012415964,0.16067718806771503,5.730997449802217,0.0,0.0,0.0,0.0,0.0,0.0,0.0,0.0,5.730997449802217,0.08,15.0,False,1145.8258123296346,1432.7493624505544,1432.7493624505544,114.61994899604436,644.7372131027495,572.9129061648173,2026-01-01 13:00:00
0.47863115081791485,0.7301774198824356,0.325945620440392,0.4501335909155995,0.43861140219181494,29.376190674885923,3.0946340442775693,0.6961047246616807,0.261470094172611,0.3414891529815026,4.393698016093364,1.251644386552038,0.9508585200810596,0.15479092187366084,5.499347458048084,0.0,0.0,0.0,0.0,0.0,0.0,0.0,0.0,5.499347458048084,0.08,15.0,False,1098.424504023341,1374.836864512021,1374.836864512021,109.98694916096169,618.6765890304094,549.2122520116704,2026-01-01 13:15:00
0.44200531145404115,0.7601634573966577,0.23163833903325043,0.4605481157277406,0.4050883591261302,30.110853772553423,2.9370017229897623,0.6760354388782087,0.2578121045283735,0.34172284922341456,4.212572115619759,1.2552538288452573,0.9247366391468897,0.15053852265181933,5.287847277418468,0.0,0.0,0.0,0.0,0.0,0.0,0.0,0.0,5.287847277418468,0.08,15.0,False,1053.1430289049397,1321.961819354617,1321.961819354617,105.75694554836937,594.8828187095777,526.5715144524698,2026-01-01 13:30:00
0.4040520644894343,0.8128756252822884,0.17442978843760779,0.44802801340020953,0.46064402636119134,29.713353148554738,3.198236025907805,0.7092950257375302,0.2546977781620389,0.3463808763506812,4.508609706158055,1.252209932013298,0.9779198868195715,0.15919626064504655,5.645725853622673,0.0,0.0,0.0,0.0,0.0,0.0,0.0,0.0,5.645725853622673,0.08,15.0,False,1127.1524265395137,1411.4314634056682,1411.4314634056682,112.91451707245346,635.1441585325507,563.5762132697569,2026-01-01 13:45:00
0.3999334113659836,0.7215298507433152,0.0890270970792682,0.4327915120648839,0.39537387147243946,29.858356433926453,2.8913221814286767,0.6702196533428705,0.24944644947022834,0.32550025928870646,4.136488543530482,1.2548315250408244,0.9065326081211229,0.147575075740648,5.190596227392253,0.0,0.0,0.0,0.0,0.0,0.0,0.0,0.0,5.190596227392253,0.08,15.0,False,1034.1221358826206,1297.6490568480633,1297.6490568480633,103.81192454784507,583.9420755816285,517.0610679413103,2026-01-01 14:00:00
0.5131383137641037,0.6607899955477525,0.14650091290286965,0.4624189024806427,0.41732078954992124,29.77938594046393,2.9945211551879556,0.6833586446361252,0.2591063815117408,0.3206034841456483,4.25758966548147,1.2538277320012274,0.9293971225796821,0.15129720600134366,5.338283994062496,0.0,0.0,0.0,0.0,0.0,0.0,0.0,0.0,5.338283994062496,0.08,15.0,False,1064.3974163703676,1334.570998515624,1334.570998515624,106.76567988124992,600.5569493320309,532.1987081851838,2026-01-01 14:15:00
0.458845096567999,0.723997275921605,0.1524230665339645,0.43826533998511863,0.3695306325937163,29.80042478955466,2.7698018968272335,0.6547480463765405,0.2558216406765463,0.32985611706821094,4.010227700948531,1.2554276335801566,0.8809177557229525,0.14340521604792256,5.034550672719406,0.0,0.0,0.0,0.0,0.0,0.0,0.0,0.0,5.034550672719406,0.08,15.0,False,1002.5569252371326,1258.6376681798515,1258.6376681798515,100.69101345438813,566.3869506809332,501.2784626185663,2026-01-01 14:30:00
0.5374500123588601,0.7410038618365525,0.12855962467557708,0.4239625483298157,0.38671857247010527,30.01892085607097,2.850623165217509,0.6650379737179364,0.26187267585876595,0.33040918881099307,4.107943003605205,1.2555704966275747,0.9028873688522715,0.14698166469688145,5.157812037154358,0.0,0.0,0.0,0.0,0.0,0.0,0.0,0.0,5.157812037154358,0.08,15.0,False,1026.9857509013011,1289.4530092885893,1289.4530092885893,103.15624074308715,580.2538541798652,513.4928754506506,2026-01-01 14:45:00
0.4381144032202119,0.7852723593282477,0.03,0.4356009854451844,0.4352920397881944,29.467546787577227,3.079025711828366,0.6941175174571723,0.2534171336319391,0.3328337119677073,4.359394074885184,1.252154217602908,0.9453460578708662,0.1538935443045596,5.45863367706061,0.0,0.0,0.0,0.0,0.0,0.0,0.0,0.0,5.45863367706061,0.08,15.0,False,1089.8485187212962,1364.6584192651526,1364.6584192651526,109.1726735412122,614.0962886693187,544.9242593606481,2026-01-01 15:00:00
0.4504497686332819,0.7662713612063851,0.03,0.4530982986075769,0.48046461410499064,29.449753249055142,3.2914365521613997,0.7211610439581099,0.25444882451132383,0.33079404304395316,4.597840463674787,1.2508337554089715,0.9918324876363909,0.16146110263848223,5.75113405394966,0.0,0.0,0.0,0.0,0.0,0.0,0.0,0.0,5.75113405394966,0.08,15.0,False,1149.4601159186968,1437.7835134874151,1437.7835134874151,115.02268107899322,647.0025810693368,574.7300579593484,2026-01-01 15:15:00
0.4981026885564954,0.7844110625418186,0.10495277095932254,0.4744697798651956,0.5437025036842101,29.541939462270495,3.588794262443922,0.759019757316031,0.2611143463757618,0.33938750030730014,4.948315866443015,1.2495746160840282,1.0620776680618178,0.1728963645682029,6.183289899073036,0.0,0.0,0.0,0.0,0.0,0.0,0.0,0.0,6.183289899073036,0.08,15.0,False,1237.0789666107537,1545.8224747682589,1545.8224747682589,123.66579798146071,695.6201136457165,618.5394833053768,2026-01-01 15:30:00
0.5690171955136339,0.7887428537894454,0.07196606195797137,0.5061711964359232,0.5317898848265581,29.676272551282477,3.53277865075052,0.7518880135833589,0.267492277942083,0.3402093239792652,4.892368266255228,1.2502759308209166,1.0530201387099372,0.17142188304580386,6.116810288010969,0.0,0.0,0.0,0.0,0.0,0.0,0.0,0.0,6.116810288010969,0.08,15.0,False,1223.092066563807,1529.2025720027423,1529.2025720027423,122.33620576021939,688.1411574012341,611.5460332819035,2026-01-01 15:45:00
0.6390848790897664,0.8330064274800052,0.11206682523819438,0.522627810111381,0.5696687619098586,29.347037417288405,3.710893009602632,0.7745650124420913,0.2759322558402528,0.3508222569122214,5.112212534797197,1.2482620176529091,1.0914846507609508,0.17768354779829432,6.381380733356442,0.0,0.0,0.0,0.0,0.0,0.0,0.0,0.0,6.381380733356442,0.08,15.0,False,1278.0531336992992,1595.3451833391105,1595.3451833391105,127.62761466712884,717.9053325025998,639.0265668496496,2026-01-01 16:00:00
0.7050334956809463,0.8650554312046476,0.03,0.546861988148525,0.5217039916589759,29.556315485878777,3.48535268321077,0.7458498782039076,0.2815047624411891,0.35295732417904974,4.865664648034917,1.2499692684454793,1.0459893040104742,0.17027732855984468,6.081931280605236,0.0,0.0,0.0,0.0,0.0,0.0,0.0,0.0,6.081931280605236,0.08,15.0,False,1216.4161620087293,1520.482820151309,1520.482820151309,121.63862561210472,684.2172690680891,608.2080810043647,2026-01-01 16:15:00
0.6890861155301907,0.7250251339031669,0.14702410316619965,0.5552807386109406,0.5186799452765652,29.199630973760033,3.4711329881190274,0.7440394682434469,0.27862246931587986,0.3370406535387571,4.830835579217111,1.2488712787447358,1.0339403560845826,0.16831587192074604,6.03309180722244,0.0,0.0,0.0,0.0,0.0,0.0,0.0,0.0,6.03309180722244,0.08,15.0,False,1207.7088948042779,1508.2729518056099,1508.2729518056099,120.66183614444878,678.7228283125245,603.8544474021389,2026-01-01 16:30:00
0.6718536570451855,0.5879699247514454,0.11670245998981028,0.5722782194622099,0.5087253598494191,29.125563590912158,3.4243244568868176,0.7380799430475411,0.2730857471838822,0.3137697791212265,4.749259926239468,1.2489766275839516,1.0169110591610497,0.16554366079365934,5.931714646194177,0.0,0.0,0.0,0.0,0.0,0.0,0.0,0.0,5.931714646194177,0.08,15.0,False,1187.314981559867,1482.9286615485441,1482.9286615485441,118.63429292388354,667.3178976968449,593.6574907799335,2026-01-01 16:45:00
0.7434578127912287,0.7114156194822226,0.12439875327548171,0.5907512471738625,0.5328134447739087,28.98741817779086,3.5375916425234317,0.7525007896090807,0.28343086485865865,0.33572800469436814,4.909251301685539,1.247794332988728,1.046176800526683,0.17030785124852987,6.125735953460752,0.0,0.0,0.0,0.0,0.0,0.0,0.0,0.0,6.125735953460752,0.15,15.0,False,1227.3128254213848,1531.433988365188,1531.433988365188,229.7150982547782,689.1452947643346,613.6564127106924,2026-01-01 17:00:00
0.7345180249342964,0.8077597599917167,0.24886956694776025,0.6115497947726511,0.6178244497408516,28.807105694922093,3.9373310701670308,0.8033944435676073,0.2887104457709896,0.3600036263369593,5.389439585842587,1.245464387268682,1.137707317667969,0.1852081679924602,6.7123550715030165,0.0,0.0,0.0,0.0,0.0,0.0,0.0,0.0,6.7123550715030165,0.15,15.0,False,1347.3598964606467,1678.0887678757542,1678.0887678757542,251.71331518136313,755.1399455440894,673.6799482303234,2026-01-01 17:15:00
0.6576894545093056,0.7260218122056842,0.26794324278514714,0.6438870437633865,0.7113866022503822,28.37352707883783,4.377279772194566,0.8594074246550153,0.2813825720892259,0.3496280188391874,5.867697787777994,1.2428489666124944,1.2254693359744226,0.1994950081818827,7.292662131934299,0.0,0.0,0.0,0.0,0.0,0.0,0.0,0.0,7.292662131934299,0.15,15.0,False,1466.9244469444984,1823.1655329835748,1823.1655329835748,273.4748299475362,820.4244898426088,733.4622234722492,2026-01-01 17:30:00
0.6032221873897101,0.6144815875107765,0.16872223018853166,0.6694120480711225,0.6284316711574429,27.95795698920804,3.987208431569897,0.8097446832388991,0.27244587115104046,0.32718052205422704,5.396579508014064,1.242471616437181,1.1253249266243452,0.18319242991559115,6.705096864554,0.0,0.0,0.0,0.0,0.0,0.0,0.0,0.0,6.705096864554,0.15,15.0,False,1349.1448770035158,1676.2742161385,1676.2742161385,251.44113242077498,754.323397262325,674.5724385017579,2026-01-01 17:45:00
0.5700635619434382,0.7692510904811729,0.09631094296136697,0.6817559828874746,0.6519601536983832,27.46055704907759,4.097844250401767,0.82383051188042,0.2732813075885455,0.3493656891169594,5.544321758987692,1.2403310004643195,1.1459262599009026,0.18654613533270514,6.8767941542213,0.0,0.0,0.0,0.0,0.0,0.0,0.0,0.0,6.8767941542213,0.15,15.0,False,1386.080439746923,1719.198538555325,1719.198538555325,257.87978078329877,773.6393423498963,693.0402198734615,2026-01-01 18:00:00
0.6293005052665119,0.7619587441134337,0.07186964707722475,0.6739845025133535,0.6393517168246686,27.083301860849502,4.038556757666691,0.8162822018297592,0.2772149661537757,0.3462860509901695,5.478339976640395,1.2391821285499096,1.1268760742183044,0.18344494231460762,6.788660993173307,0.0,0.0,0.0,0.0,0.0,0.0,0.0,0.0,6.788660993173307,0.15,15.0,False,1369.5849941600989,1697.1652482933268,1697.1652482933268,254.57478724399903,763.7243617319971,684.7924970800494,2026-01-01 18:15:00
0.6491905030419205,0.8827949880478418,0.10781738978731717,0.6850741290398463,0.7019054167526468,26.60495107583067,4.332697265897631,0.8537313104386739,0.28352821199628453,0.36895888616041106,5.838915674492999,1.2367082552649529,1.188622806075644,0.19349673587277927,7.221035216441423,0.0,0.0,0.0,0.0,0.0,0.0,0.0,0.0,7.221035216441423,0.15,15.0,False,1459.72891862325,1805.2588041103556,1805.2588041103556,270.7888206165533,812.36646184966,729.864459311625,2026-01-01 18:30:00
0.6942623006891951,0.8795271529368529,0.09047981908770594,0.6917645622738156,0.7029115550828339,26.40027858029206,4.337428337602942,0.8543336566411551,0.287030277054049,0.3678521941294982,5.846644465427644,1.2359784509665996,1.1865266097014904,0.1931554946025682,7.226326569731703,0.0,0.0,0.0,0.0,0.0,0.0,0.0,0.0,7.226326569731703,0.15,15.0,False,1461.6611163569112,1806.5816424329257,1806.5816424329257,270.98724636493887,812.9617390948166,730.8305581784556,2026-01-01 18:45:00
0.6533233049478203,0.8180925106145019,0.06332055950026501,0.7008977781801587,0.6303898805465001,26.332035393129154,3.9964163394247976,0.8109170071170108,0.281586876051926,0.3567440305829623,5.445664253176696,1.2366418156022163,1.1082578133873662,0.18041406264445503,6.7343361292085175,0.0,0.0,0.0,0.0,0.0,0.0,0.0,0.0,6.7343361292085175,0.15,15.0,False,1361.4160632941741,1683.5840323021293,1683.5840323021293,252.53760484531938,757.6128145359583,680.7080316470871,2026-01-01 19:00:00
0.6515075359048188,0.7415492359556519,0.15931636584092024,0.7510868866779026,0.7382596555031046,25.8793827080627,4.503642458183943,0.8754955519931751,0.28272173308874016,0.35271816653685045,6.01457790980271,1.233901292980678,1.2098630928588554,0.19695445697702296,7.421395459638588,0.0,0.0,0.0,0.0,0.0,0.0,0.0,0.0,7.421395459638588,0.15,15.0,False,1503.6444774506774,1855.348864909647,1855.348864909647,278.30232973644706,834.9069892093412,751.8222387253387,2026-01-01 19:15:00
0.673500312833242,0.7498170490065594,0.11751904372649616,0.7348924513819867,0.6833024762996326,25.2489039081344,4.245222370475943,0.8425942627776688,0.2834203254403022,0.3506910867156783,5.721928045409593,1.232184596957521,1.1425474590572908,0.18599609798607064,7.050471602452954,0.0,0.0,0.0,0.0,0.0,0.0,0.0,0.0,7.050471602452954,0.15,15.0,False,1430.482011352398,1762.6179006132386,1762.6179006132386,264.39268509198575,793.1780552759574,715.241005676199,2026-01-01 19:30:00
0.625838862747876,0.7347207162159595,0.2384768844644611,0.7377629082295407,0.7476112459649655,25.417036349071754,4.547615581666428,0.8810940813731404,0.2815278579415531,0.35526101875762994,6.065498539738751,1.2322205006245037,1.2113384723943832,0.19719463504094614,7.474031647174081,0.0,0.0,0.0,0.0,0.0,0.0,0.0,0.0,7.474031647174081,0.15,15.0,False,1516.3746349346877,1868.5079117935202,1868.5079117935202,280.276186769028,840.8285603070841,758.1873174673439,2026-01-01 19:45:00
0.6309345221038424,0.6767256756925711,0.17303409202725356,0.7513651620901485,0.6917387454151824,24.813520396754935,4.284891462601234,0.847644815482401,0.27937694125047596,0.34282215306013375,5.754735372394244,1.230594776594572,1.141230249099993,0.18578166845813837,7.081747289952375,0.0,0.0,0.0,0.0,0.0,0.0,0.0,0.0,7.081747289952375,0.15,15.0,False,1438.6838430985608,1770.4368224880936,1770.4368224880936,265.56552337321403,796.6965701196422,719.3419215492804,2026-01-01 20:00:00
0.5593235012534716,0.8415838472231841,0.23812149473692967,0.7392835310618469,0.7911152713597004,24.314590150382617,4.752180557909754,0.9071386954216808,0.27925524541233093,0.372964866989733,6.311539365733498,1.2281542628447395,1.2384039658078536,0.20160064559662727,7.751543977137979,0.0,0.0,0.0,0.0,0.0,0.0,0.0,0.0,7.751543977137979,0.15,15.0,False,1577.8848414333745,1937.885994284495,1937.885994284495,290.6828991426742,872.0486974280227,788.9424207166873,2026-01-01 20:15:00
0.517221972594872,0.936111488332675,0.18862330972391722,0.7736985640756848,0.8195732032465775,23.966857514657967,4.885995672891682,0.9241756442071849,0.2787445061538216,0.38789659100779855,6.476812414260487,1.226885806327126,1.2637672540535656,0.20572955298546414,7.946309221299517,0.0,0.0,0.0,0.0,0.0,0.0,0.0,0.0,7.946309221299517,0.15,15.0,False,1619.2031035651219,1986.5773053248793,1986.5773053248793,297.98659579873186,893.9597873961957,809.6015517825609,2026-01-01 20:30:00
0.47961737202960963,0.9571071839296863,0.19752873422060407,0.7423986165951856,0.7703162729824996,23.529959360771752,4.654379341348493,0.8946869307765642,0.2754060811881741,0.3899082240043498,6.214380577317581,1.2254713152279155,1.2050015234013627,0.19616303869324514,7.6155451394121885,0.0,0.0,0.0,0.0,0.0,0.0,0.0,0.0,7.6155451394121885,0.15,15.0,False,1553.5951443293952,1903.886284853047,1903.886284853047,285.58294272795706,856.7488281838712,776.7975721646976,2026-01-01 20:45:00
0.39627436945274347,0.8342308677776891,0.10168508063711089,0.7254377838703822,0.7127394901854173,22.996094194602822,4.383641332665791,0.8602173599150104,0.262411586017018,0.3631242665264711,5.86939454512429,1.224025111948985,1.1308069222380381,0.18408484780619228,7.184286315168521,0.0,0.0,0.0,0.0,0.0,0.0,0.0,0.0,7.184286315168521,0.15,15.0,False,1467.3486362810727,1796.0715787921301,1796.0715787921301,269.4107368188195,808.2322104564586,733.6743181405363,2026-01-01 21:00:00
0.04,0.8690894119355668,0.04128601515600887,0.6818008513275382,0.7041390448933122,22.683155275399834,4.3432002500096925,0.8550685196353802,0.23139001809674103,0.36270844030007104,5.7923672280418845,1.2230662538319856,1.1111902262054807,0.1808914321729853,7.0844488864203505,0.0,0.0,0.0,0.0,0.0,0.0,0.0,0.0,7.0844488864203505,0.15,15.0,False,1448.091807010471,1771.1122216050876,1771.1122216050876,265.66683324076314,797.0004997222894,724.0459035052355,2026-01-01 21:15:00
0.04,0.8784308895894039,0.08652656657556085,0.648097949927411,0.6788880506352202,21.36544216162806,4.224464822801338,0.8399514725615361,0.2314510828839645,0.364714080184089,5.6605814584309275,1.2209442925082603,1.0755789223458223,0.17509424317257571,6.9112546239493255,0.0,0.0,0.0,0.0,0.0,0.0,0.0,0.0,6.9112546239493255,0.15,15.0,False,1415.1453646077318,1727.8136559873315,1727.8136559873315,259.1720483980997,777.5161451942992,707.5726823038659,2026-01-01 21:30:00
0.04,0.8716418091040039,0.14306071942939858,0.6270520380852088,0.6743141128845137,21.3013515734764,4.202957216118464,0.8372131870277654,0.23167451223555907,0.3654931416550653,5.637338057036853,1.2209964217252245,1.0714151232480935,0.17441641541248032,6.883169595697427,0.0,0.0,0.0,0.0,0.0,0.0,0.0,0.0,6.883169595697427,0.15,15.0,False,1409.3345142592134,1720.7923989243568,1720.7923989243568,258.1188598386535,774.3565795159606,704.6672571296067,2026-01-01 21:45:00
0.04,0.9208437204019404,0.11766231613999367,0.6177888986682616,0.655492404931414,20.548872468540367,4.114453630407735,0.8259451695299603,0.2323278332496352,0.3715854200899984,5.544312053277329,1.2212190751928556,1.0547965231056868,0.1717110619009259,6.770819638283942,0.0,0.0,0.0,0.0,0.0,0.0,0.0,0.0,6.770819638283942,0.08,15.0,False,1386.0780133193323,1692.7049095709854,1692.7049095709854,135.41639276567884,761.7172093069435,693.0390066596661,2026-01-01 22:00:00
0.07401975655207194,0.9133400794945078,0.03,0.5949969032744817,0.68526936794632,20.505179288755006,4.254471104112129,0.8437717844747638,0.2324238429431174,0.3639346915803169,5.694601423110328,1.220870519112706,1.0816818323176058,0.1760877401447265,6.95237099557266,0.0,0.0,0.0,0.0,0.0,0.0,0.0,0.0,6.95237099557266,0.08,15.0,False,1423.6503557775818,1738.092748893165,1738.092748893165,139.0474199114532,782.1417370019243,711.8251778887909,2026-01-01 22:15:00
0.12073848381460872,0.9152151725079911,0.03,0.5921249707219571,0.6094349166464832,20.58189739605963,3.897881740534427,0.7983718703802366,0.23624253945281892,0.36406431280545404,5.296560463172937,1.221921487470349,1.0108616957590217,0.16455888070495694,6.4719810396369155,0.0,0.0,0.0,0.0,0.0,0.0,0.0,0.0,6.4719810396369155,0.08,15.0,False,1324.1401157932341,1617.995259909229,1617.995259909229,129.4396207927383,728.0978669591531,662.0700578966171,2026-01-01 22:30:00
0.11525587026591591,0.909615029617051,0.03,0.5576598550429928,0.6099764891933538,20.400512600763253,3.9004283272969023,0.7986960943534104,0.2344849467579444,0.36098386048759173,5.294593228895848,1.2219277016022319,1.0105145393385313,0.16450236686906328,6.4696101351034425,0.0,0.0,0.0,0.0,0.0,0.0,0.0,0.0,6.4696101351034425,0.08,15.0,False,1323.648307223962,1617.4025337758605,1617.4025337758605,129.39220270206886,727.8311401991373,661.824153611981,2026-01-01 22:45:00
0.09630568529209023,0.8860620849256093,0.03,0.5188532254575698,0.610714029612022,20.659922643517106,3.9038963957538866,0.7991376386789094,0.23093817840899883,0.35467011947506116,5.288642332316856,1.2219465604656892,1.0094645386642311,0.1643314365267352,6.462438307507822,0.0,0.0,0.0,0.0,0.0,0.0,0.0,0.0,6.462438307507822,0.08,15.0,False,1322.1605830792141,1615.6095768769555,1615.6095768769555,129.24876615015646,727.02430959463,661.0802915396071,2026-01-01 23:00:00
0.10919855545841876,0.7283915839635883,0.03,0.547963277247533,0.550832764299757,19.873704474987786,3.622322230952432,0.763288440135895,0.22827722959069172,0.330481181148387,4.944369081827405,1.2231938681932284,0.9490554605873309,0.15449740056072825,6.0479219429754645,0.0,0.0,0.0,0.0,0.0,0.0,0.0,0.0,6.0479219429754645,0.08,15.0,False,1236.0922704568513,1511.9804857438662,1511.9804857438662,120.9584388595093,680.3912185847398,618.0461352284257,2026-01-01 23:15:00
0.04,0.7456821044539119,0.09890752378604728,0.5228624248980275,0.5912123583299319,19.114534198163383,3.8121954810378726,0.7874625466101877,0.22361366199807514,0.33568271677982725,5.158954406425963,1.2223803517156475,0.9866350820319555,0.16061501335403927,6.3062045018119575,0.0,0.0,0.0,0.0,0.0,0.0,0.0,0.0,6.3062045018119575,0.08,15.0,False,1289.7386016064906,1576.5511254529893,1576.5511254529893,126.12409003623914,709.4480064538452,644.8693008032453,2026-01-01 23:30:00
0.04,0.7147771246998511,0.0928832608816012,0.47432592197667284,0.5186632572595733,19.036338427112305,3.471054517592024,0.7440294776056187,0.22097238861615542,0.32720460441472354,4.763260988228521,1.2239733540145101,0.9174854440388105,0.14935809554120172,5.830104527808533,0.0,0.0,0.0,0.0,0.0,0.0,0.0,0.0,5.830104527808533,0.08,15.0,False,1190.8152470571304,1457.5261319521333,1457.5261319521333,116.60209055617067,655.8867593784599,595.4076235285652,2026-01-01 23:45:00
0.04,0.7455090489481196,0.03,0.4872186696676438,0.5050151620200475,19.135563574044046,3.406878334971963,0.735858753867162,0.22106558392666417,0.32950398247310936,4.693306655238898,1.2242972000180459,0.9053181657726844,0.14737737582346033,5.746002196835042,0.0,0.0,0.0,0.0,0.0,0.0,0.0,0.0,5.746002196835042,0.08,15.0,False,1173.3266638097243,1436.5005492087605,1436.5005492087605,114.92004393670084,646.4252471439422,586.6633319048622,2026-01-02 00:00:00
0.04,0.7958891608678988,0.03,0.3569373156245659,0.43652069358451157,18.560111715974426,3.084803097538639,0.6948530772963828,0.21826002815840811,0.3296628535915322,4.327579056584962,1.2261968234237413,0.8418407867145812,0.13704384900004807,5.306463692299591,0.0,0.0,0.0,0.0,0.0,0.0,0.0,0.0,5.306463692299591,0.08,15.0,False,1081.8947641462405,1326.6159230748976,1326.6159230748976,106.12927384599182,596.977165383704,540.9473820731203,2026-01-02 00:15:00
0.054680211230798276,0.9012934994126568,0.03599842929758307,0.3378433724555228,0.4491390546191819,17.046719951907978,3.1441372557427547,0.7024073286579798,0.22209382201567213,0.346197556289364,4.414835962705771,1.2257121087862242,0.8569744641753188,0.13950747091226123,5.411317897793351,0.0,0.0,0.0,0.0,0.0,0.0,0.0,0.0,5.411317897793351,0.08,15.0,False,1103.7089906764427,1352.8294744483378,1352.8294744483378,108.22635795586703,608.773263501752,551.8544953382213,2026-01-02 00:30:00
0.05220308503579446,0.9483119852605831,0.18903167761247872,0.3051721966073081,0.4703625974802655,16.87131388328205,3.243934768772484,0.7151132559266431,0.2252406895450127,0.3606150406986943,4.544903754942834,1.225026216176886,0.8795413455821001,0.14318114928080694,5.567626249805741,0.0,0.0,0.0,0.0,0.0,0.0,0.0,0.0,5.567626249805741,0.08,15.0,False,1136.2259387357085,1391.9065624514353,1391.9065624514353,111.35252499611482,626.3579531031459,568.1129693678542,2026-01-02 00:45:00
0.08527808316540367,0.9066697010070437,0.0629994759524641,0.30699956703281683,0.3901516952024094,16.486595314722763,2.866766422394331,0.6670932859731319,0.22429660508833504,0.3466904012786632,4.104846714734461,1.227523599100162,0.8031965685301405,0.13075292976072062,5.038796213025322,0.0,0.0,0.0,0.0,0.0,0.0,0.0,0.0,5.038796213025322,0.08,15.0,False,1026.2116786836152,1259.6990532563307,1259.6990532563307,100.77592426050646,566.8645739653488,513.1058393418076,2026-01-02 01:00:00
0.21858023450654743,0.9513946584632778,0.05962799214537543,0.30428736164216585,0.4761492799477952,17.11002108229386,3.2711449533647623,0.7185775769893672,0.23647722193876458,0.3537070525226607,4.579906804815555,1.224849121985367,0.8856177005003232,0.14417032333726199,5.60969482865314,0.0,0.0,0.0,0.0,0.0,0.0,0.0,0.0,5.60969482865314,0.08,15.0,False,1144.9767012038888,1402.423707163285,1402.423707163285,112.1938965730628,631.0906682234782,572.4883506019444,2026-01-02 01:15:00
0.21929612328528297,0.8925520700779346,0.18564149947353178,0.3189145425921026,0.46502790318280846,16.844853468796526,3.218849926569427,0.7119195272364002,0.23776759993034496,0.35208354185937824,4.520620595595551,1.2251509402147684,0.8753269006092232,0.14249507684336193,5.538442573048136,0.0,0.0,0.0,0.0,0.0,0.0,0.0,0.0,5.538442573048136,0.08,15.0,False,1130.1551488988878,1384.610643262034,1384.610643262034,110.76885146096272,623.0747894679154,565.0775744494439,2026-01-02 01:30:00
0.2872497443261637,0.8652578668200643,0.1831813025613274,0.29752562838413854,0.3711028811023779,17.180562628507268,2.7771949363426502,0.6556893065294789,0.24181228102226401,0.34610255907808046,4.020799082972474,1.2280576750957413,0.7885977181652198,0.1283763727245707,4.937773173862264,0.0,0.0,0.0,0.0,0.0,0.0,0.0,0.0,4.937773173862264,0.08,15.0,False,1005.1997707431184,1234.443293465566,1234.443293465566,98.75546347724529,555.4994820595048,502.5998853715592,2026-01-02 01:45:00
0.23238651199487514,0.760263019530543,0.19234872851364787,0.27250954436950764,0.430110360521744,17.366377688312216,3.054660378128229,0.6910153944836428,0.23351613041130576,0.3277379916317416,4.306929894654919,1.2263144181216716,0.8382594863797078,0.1364608466199525,5.28165022765458,0.0,0.0,0.0,0.0,0.0,0.0,0.0,0.0,5.28165022765458,0.08,15.0,False,1076.7324736637297,1320.412556913645,1320.412556913645,105.6330045530916,594.1856506111402,538.3662368318649,2026-01-02 02:00:00
0.23056406126629164,0.7882501096353286,0.17497471630947672,0.2776105842724177,0.43523054561529617,16.92707343160105,3.078736553436611,0.6940807026570512,0.2340217851485485,0.331685810378767,4.338524851620978,1.2261349365736287,0.8437391562442026,0.137352885900219,5.319616893765399,0.0,0.0,0.0,0.0,0.0,0.0,0.0,0.0,5.319616893765399,0.08,15.0,False,1084.6312129052444,1329.9042234413498,1329.9042234413498,106.39233787530799,598.4569005486075,542.3156064526222,2026-01-02 02:15:00
0.1768623029977648,0.7848365894238006,0.18332793680651704,0.29024911488245714,0.39168168334174597,17.013205254170973,2.8739607448630253,0.6680092460532924,0.23006886630069817,0.3323887070042795,4.104427564221296,1.2275262171354837,0.803123794386736,0.13074108280714314,5.038292441415175,0.0,0.0,0.0,0.0,0.0,0.0,0.0,0.0,5.038292441415175,0.08,15.0,False,1026.106891055324,1259.5731103537937,1259.5731103537937,100.7658488283035,566.8078996592072,513.053445527662,2026-01-02 02:30:00
0.16705490205140983,0.6916284439805696,0.22044535282295777,0.29576542228058794,0.35927220793591896,15.997035026976238,2.7215646503339417,0.6486066213351993,0.22740600660278912,0.3194690280247605,3.9170463062966907,1.228742221261577,0.770554730682614,0.12543914220414643,4.813040179183451,0.0,0.0,0.0,0.0,0.0,0.0,0.0,0.0,4.813040179183451,0.08,15.0,False,979.2615765741726,1203.2600447958628,1203.2600447958628,96.26080358366903,541.4670201581382,489.6307882870863,2026-01-02 02:45:00
0.228011074310439,0.7116935344602477,0.1527247901915514,0.27570263629000624,0.3731326740339339,15.82037939063671,2.7867394449037564,0.6569044854243319,0.2310311933448297,0.31767140499189267,3.9923465286648105,1.2282426240849271,0.7836523372445731,0.12757131071423278,4.903570176623616,0.0,0.0,0.0,0.0,0.0,0.0,0.0,0.0,4.903570176623616,0.08,15.0,False,998.0866321662027,1225.892544155904,1225.892544155904,98.07140353247233,551.6516448701568,499.04331608310133,2026-01-02 03:00:00
0.10755982156035968,0.7234352609842192,0.22369301398566413,0.2897483011709216,0.4282851705914128,15.923524893322181,3.046077955436306,0.6899227055457932,0.22330432033704536,0.32452434021889004,4.283829321538034,1.2264472832654303,0.8342529001781683,0.13580861165691116,5.253890833373114,0.0,0.0,0.0,0.0,0.0,0.0,0.0,0.0,5.253890833373114,0.08,15.0,False,1070.9573303845086,1313.4727083432786,1313.4727083432786,105.07781666746229,591.0627187544753,535.4786651922543,2026-01-02 03:15:00
0.1422085456018094,0.8565967953663249,0.1367390708377719,0.2716837757381312,0.46339453602659847,15.144530014086321,3.21116949446056,0.7109416770996126,0.22780402675415812,0.34041486611959426,4.490330064433925,1.2253086621268685,0.8700708230200702,0.14163943630559284,5.502040323759588,0.0,0.0,0.0,0.0,0.0,0.0,0.0,0.0,5.502040323759588,0.08,15.0,False,1122.5825161084813,1375.510080939897,1375.510080939897,110.04080647519177,618.9795364229537,561.2912580542406,2026-01-02 03:30:00
0.15152944538094848,0.8869116866715874,0.19983228440992057,0.2602171840267735,0.40682394993602494,15.038379592189477,2.945162831980776,0.677074487388772,0.23034652169399703,0.34828739463520547,4.2008712356987505,1.2269358285208152,0.8198622471689984,0.13346594721355787,5.154199430081307,0.0,0.0,0.0,0.0,0.0,0.0,0.0,0.0,5.154199430081307,0.08,15.0,False,1050.2178089246877,1288.5498575203267,1288.5498575203267,103.08398860162613,579.847435884147,525.1089044623438,2026-01-02 03:45:00
0.10078343523109984,0.8486631252452407,0.2359444952956626,0.24091200841550786,0.4117502348695763,15.273998104362725,2.9683272484056005,0.6800237130896886,0.22509715387981832,0.34282389021780096,4.216272005592908,1.2268437838998993,0.822534182301925,0.13390091339798782,5.172707101292821,0.0,0.0,0.0,0.0,0.0,0.0,0.0,0.0,5.172707101292821,0.08,15.0,False,1054.0680013982271,1293.1767753232052,1293.1767753232052,103.45414202585641,581.9295488954424,527.0340006991136,2026-01-02 04:00:00
0.04,0.838479985382626,0.2196949402680317,0.272983737448647,0.3595391771286981,15.727591226262012,2.722819995007981,0.6487664481449186,0.2205125230579371,0.3422264950701271,3.9343254612809644,1.2286262791661198,0.7735615644674277,0.12592862677376726,4.833815652522159,0.0,0.0,0.0,0.0,0.0,0.0,0.0,0.0,4.833815652522159,0.08,15.0,False,983.581365320241,1208.4539131305398,1208.4539131305398,96.67631305044318,543.8042609087429,491.7906826601205,2026-01-02 04:15:00
0.04,0.817914457641462,0.25854754478825503,0.2888220175005696,0.3882071394091873,15.814460302933027,2.8576227165869956,0.6659291361118078,0.22119429389355727,0.3420350581283775,4.086781204720738,1.227636850385233,0.8000597214243296,0.13024228023186757,5.0170832063769355,0.0,0.0,0.0,0.0,0.0,0.0,0.0,0.0,5.0170832063769355,0.08,15.0,False,1021.6953011801846,1254.270801594234,1254.270801594234,100.34166412753872,564.4218607174053,510.8476505900923,2026-01-02 04:30:00
0.04,0.7874515899829038,0.25744559820307616,0.3039607067264176,0.41469667860950865,15.930619630001956,2.9821820397310606,0.6817876645706373,0.22076691489115144,0.3378942839572148,4.222630903150064,1.2268059584988158,0.823637350463077,0.13408049891259388,5.180348752525735,0.0,0.0,0.0,0.0,0.0,0.0,0.0,0.0,5.180348752525735,0.08,15.0,False,1055.657725787516,1295.0871881314335,1295.0871881314335,103.60697505051469,582.7892346591451,527.828862893758,2026-01-02 04:45:00
0.04,0.7080911732969318,0.2443065360192921,0.3333799602449358,0.4292926601861813,15.967222697259645,3.0508153810687433,0.6905258607116789,0.21911908860973348,0.32589587157677813,4.2863562019669335,1.2264326822898275,0.8346911735724691,0.1358799584885415,5.256927334027944,0.0,0.0,0.0,0.0,0.0,0.0,0.0,0.0,5.256927334027944,0.08,15.0,False,1071.5890504917334,1314.231833506986,1314.231833506986,105.13854668055889,591.4043250781438,535.7945252458667,2026-01-02 05:00:00
0.04,0.7162299057591455,0.29510379688149785,0.3963836225156609,0.5258200078883178,16.413145651990167,3.504707047652511,0.7483140192377099,0.22244875430639738,0.3340704872692459,4.8095403084658646,1.2237660810980697,0.9255423085694028,0.15066967813920518,5.8857522951744725,0.0,0.0,0.0,0.0,0.0,0.0,0.0,0.0,5.8857522951744725,0.08,15.0,False,1202.3850771164662,1471.438073793618,1471.438073793618,117.71504590348945,662.1471332071281,601.1925385582331,2026-01-02 05:15:00
0.1151891524659063,0.6820867368854036,0.29419179498087367,0.35732005010956236,0.4937795102296555,17.089015617609554,3.3540459632379687,0.7291322909293217,0.22633419767910867,0.3259417490866796,4.6354542009330775,1.2245746052159021,0.8952645555670088,0.1457407416039317,5.676459498104018,0.0,0.0,0.0,0.0,0.0,0.0,0.0,0.0,5.676459498104018,0.08,15.0,False,1158.8635502332693,1419.1148745260045,1419.1148745260045,113.52918996208037,638.6016935367021,579.4317751166346,2026-01-02 05:30:00
0.08395731863341326,0.6252483309447735,0.39547956618088465,0.344751961886065,0.49100793419252153,17.903804203446708,3.3410134362235486,0.7274730277338274,0.22365777913435428,0.32154062260194555,4.613684865693676,1.2246812367926136,0.8914832427440598,0.14512517905135858,5.650293287489094,0.0,0.0,0.0,0.0,0.0,0.0,0.0,0.0,5.650293287489094,0.08,15.0,False,1153.421216423419,1412.5733218722735,1412.5733218722735,113.00586574978188,635.6579948425231,576.7106082117095,2026-01-02 05:45:00
0.04,0.8040569761763031,0.38041111851774545,0.33816993142823526,0.5106153878409991,18.55258955067184,3.433211761629049,0.7392114486756984,0.22482742228242714,0.3497691527139867,4.747019785301162,1.2240474102005945,0.9146594405982285,0.14889804846947907,5.810577274368869,0.0,0.0,0.0,0.0,0.0,0.0,0.0,0.0,5.810577274368869,0.08,15.0,False,1186.7549463252903,1452.6443185922174,1452.6443185922174,116.21154548737739,653.6899433664978,593.3774731626452,2026-01-02 06:00:00
0.04,0.7496481492810628,0.5007985224838556,0.3294267833806817,0.4846885449089734,19.200598586693605,3.3112983533793345,0.7236897903570761,0.22530706456817642,0.3470946554123487,4.607389863716936,1.224712300247452,0.890389969994859,0.14494720441776776,5.6427270381295624,0.0,0.0,0.0,0.0,0.0,0.0,0.0,0.0,5.6427270381295624,0.08,15.0,False,1151.847465929234,1410.6817595323905,1410.6817595323905,112.85454076259124,634.8067917895758,575.923732964617,2026-01-02 06:15:00
0.06171048376187769,0.6354236419624396,0.47168046585070456,0.31895984132811167,0.4167347668924945,18.797958564700195,2.9917655547600233,0.6830078096548126,0.22278146008263885,0.32594001214874224,4.223494836646217,1.2268008275464193,0.8237872267168759,0.13410489737251463,5.181386960735607,0.0,0.0,0.0,0.0,0.0,0.0,0.0,0.0,5.181386960735607,0.08,15.0,False,1055.8737091615542,1295.3467401839018,1295.3467401839018,103.62773921471215,582.9060330827558,527.9368545807771,2026-01-02 06:30:00
0.16055382542265603,0.668707503174043,0.5100681269646999,0.32892767017143987,0.5045999564905579,19.380576874773844,3.404925952209553,0.735610182208143,0.23302292706641994,0.3342381744570205,4.707797235941136,1.224229075739812,0.9078375197675497,0.14778750321797318,5.763422258926659,0.0,0.0,0.0,0.0,0.0,0.0,0.0,0.0,5.763422258926659,0.08,15.0,False,1176.949308985284,1440.8555647316648,1440.8555647316648,115.26844517853318,648.3850041292492,588.474654492642,2026-01-02 06:45:00
0.6324168977968325,0.7659141599912416,0.5451358484660477,0.3205854812443837,0.49930519540231255,19.682277325206144,3.3800288842623174,0.7324403603865681,0.27529629645664017,0.35174692011970526,4.739512461225231,1.224081872973379,0.9133533931911358,0.14868543610088258,5.801551290517249,0.0,0.0,0.0,0.0,0.0,0.0,0.0,0.0,5.801551290517249,0.08,15.0,False,1184.8781153063078,1450.3878226293123,1450.3878226293123,116.03102581034499,652.6745201831906,592.4390576531539,2026-01-02 07:00:00
0.6497983993590956,0.8362503373108571,0.6977743294144966,0.34932454308992417,0.5501172067899569,20.701426433792246,3.6189575307053903,0.7628600563483448,0.28279673081881757,0.3738312730707842,5.038445590943336,1.2228225195081657,0.9655040612417702,0.15717507973703237,6.161124731922139,0.0,0.0,0.0,0.0,0.0,0.0,0.0,0.0,6.161124731922139,0.08,15.0,False,1259.611397735834,1540.2811829805348,1540.2811829805348,123.22249463844278,693.1265323412407,629.805698867917,2026-01-02 07:15:00
0.7401291377056572,0.8818527100762112,0.7385793309341091,0.37187063832953166,0.5845724277454168,21.441974812180288,3.780973146323921,0.7834874103368504,0.2931648295201837,0.3850861665669404,5.242711552747895,1.2220952073930778,1.0013677542642805,0.1630133553453481,6.407092662357524,0.0,0.0,0.0,0.0,0.0,0.0,0.0,0.0,6.407092662357524,0.08,15.0,False,1310.6778881869739,1601.773165589381,1601.773165589381,128.1418532471505,720.7979245152214,655.3389440934869,2026-01-02 07:30:00
0.6499777844411415,0.8470545633502157,0.7439507803193873,0.40409079905194734,0.535993937501318,21.405933562803085,3.5525469808701975,0.754404859515669,0.28585678844869084,0.3816673063152642,4.974475935149822,1.2230725310009034,0.9543152860409827,0.1553536512159739,6.084144872406778,0.0,0.0,0.0,0.0,0.0,0.0,0.0,0.0,6.084144872406778,0.08,15.0,False,1243.6189837874554,1521.0362181016944,1521.0362181016944,121.68289744813556,684.4662981457625,621.8094918937277,2026-01-02 07:45:00
0.6181050584578518,0.7644497441954822,0.8034073758782668,0.436115314459931,0.530541667032223,21.097388511848237,3.5269092710522556,0.751140741338848,0.28300537276513366,0.37342631694156075,4.934481702097798,1.2232342290330636,0.9473288878631824,0.1542163305823786,6.0360269205433585,0.0,0.0,0.0,0.0,0.0,0.0,0.0,0.0,6.0360269205433585,0.08,15.0,False,1233.6204255244495,1509.0067301358397,1509.0067301358397,120.72053841086718,679.0530285611279,616.8102127622248,2026-01-02 08:00:00
0.5790839369282273,0.6923651262717462,0.6932165864415694,0.4691171912749895,0.536828844722478,22.019016018248287,3.5564728882847945,0.7549046945572347,0.2765466069859668,0.35733153953296426,4.9452557293609605,1.2232568172936868,0.9494933671628285,0.15456868767766974,6.049317784201459,0.0,0.0,0.0,0.0,0.0,0.0,0.0,0.0,6.049317784201459,0.08,15.0,False,1236.3139323402402,1512.3294460503646,1512.3294460503646,120.98635568402916,680.5482507226641,618.1569661701201,2026-01-02 08:15:00
0.5857187686248212,0.7385864334244714,0.766867882888588,0.47917619889486673,0.561088219058486,22.701180922794403,3.6705455123625654,0.7694280871837217,0.2802603856165035,0.3697756423630483,5.0900096275258395,1.2250828474766176,0.9852795201563453,0.1603943404905679,6.235683488172753,0.0,0.0,0.0,0.0,0.0,0.0,0.0,0.0,6.235683488172753,0.08,15.0,False,1272.5024068814598,1558.9208720431882,1558.9208720431882,124.71366976345506,701.5143924194347,636.2512034407299,2026-01-02 08:30:00
0.5311258200405109,0.7723290491151799,0.9384169057602103,0.5436461707303295,0.6533123333833375,22.82716803397152,4.104202480533797,0.8246400231313761,0.28228465015388,0.3891348059223433,5.600261959741396,1.2239775610750212,1.078726393006723,0.17560662211737355,6.854594974865493,0.0,0.0,0.0,0.0,0.0,0.0,0.0,0.0,6.854594974865493,0.08,15.0,False,1400.065489935349,1713.6487437163732,1713.6487437163732,137.09189949730987,771.1419346723679,700.0327449676745,2026-01-02 08:45:00
0.6167325623977101,0.855822590376164,0.9286703043154835,0.5618520755342004,0.6591403515259774,23.08299576386794,4.131607034068264,0.8281290906789349,0.29224386571206534,0.4034932775558037,5.655473268015068,1.224746114021723,1.0930992503485044,0.1779463895916169,6.926518907955189,0.0,0.0,0.0,0.0,0.0,0.0,0.0,0.0,6.926518907955189,0.08,15.0,False,1413.8683170037668,1731.6297269887973,1731.6297269887973,138.53037815910378,779.2333771449588,706.9341585018834,2026-01-02 09:00:00
0.6311753963777227,0.9001056614352361,0.9246019877582621,0.5324300150749368,0.610936461090377,23.370194018651606,3.9049423148308597,0.799270802034563,0.2937004553770644,0.40872605612326895,5.406639628365756,1.226385433143877,1.052626630543572,0.17135782357686047,6.630624082486189,0.0,0.0,0.0,0.0,0.0,0.0,0.0,0.0,6.630624082486189,0.08,15.0,False,1351.659907091439,1657.6560206215472,1657.6560206215472,132.61248164972378,745.9452092796963,675.8299535457195,2026-01-02 09:15:00
0.5626308399809787,0.8480548842031911,0.9539723784141243,0.5234331383879866,0.6386877096539709,23.87196909648492,4.035434457836579,0.815884679753828,0.2867779405631047,0.40124715758469653,5.5393442357382074,1.2277834882515646,1.0851231912726753,0.1766479613699703,6.801115388380853,0.0,0.0,0.0,0.0,0.0,0.0,0.0,0.0,6.801115388380853,0.08,15.0,False,1384.8360589345518,1700.2788470952132,1700.2788470952132,136.02230776761706,765.125481192846,692.4180294672759,2026-01-02 09:30:00
0.534646380029216,0.738514061348098,0.9915591138811006,0.49781784432973497,0.6894257339716618,24.53203330299806,4.27401520168742,0.8462600817758129,0.28110959979031036,0.3837117978273552,5.785096681080899,1.229550998657477,1.1420582596060715,0.1859164608661048,7.113071401553075,0.0,0.0,0.0,0.0,0.0,0.0,0.0,0.0,7.113071401553075,0.08,15.0,False,1446.2741702702247,1778.2678503882687,1778.2678503882687,142.2614280310615,800.220532674721,723.1370851351123,2026-01-02 09:45:00
0.59346083805765,0.7257116333636668,0.8379530150961099,0.511127257600868,0.6156134854806435,25.041344607305767,3.9269346563349665,0.8020708025870371,0.28298107829893854,0.3736947160621878,5.3856812532831295,1.232295199185072,1.0759183935516923,0.1751495059270196,6.636749152761841,0.0,0.0,0.0,0.0,0.0,0.0,0.0,0.0,6.636749152761841,0.08,15.0,False,1346.4203133207823,1659.1872881904603,1659.1872881904603,132.73498305523682,746.6342796857072,673.2101566603911,2026-01-02 10:00:00
0.6696598588194244,0.7527688189985621,0.7684717359107389,0.5183911011092167,0.584650171149929,25.66606760523318,3.781338711982565,0.7835339530865607,0.2889405121369653,0.37466033103128377,5.228473508237375,1.234973633330051,1.0565559386203907,0.17199747838006374,6.457026925237829,0.0,0.0,0.0,0.0,0.0,0.0,0.0,0.0,6.457026925237829,0.08,15.0,False,1307.1183770593439,1614.2567313094573,1614.2567313094573,129.1405385047566,726.4155290892559,653.5591885296719,2026-01-02 10:15:00
0.7991730825300742,0.74320794915021,0.8372591046847293,0.6348185604968661,0.6759063119266986,26.251172133644214,4.210444067192218,0.8381663909937409,0.30455974575928185,0.3842813928426479,5.7374515967878885,1.2356609689238995,1.1628003261095874,0.1892930763434213,7.089544999240897,0.0,0.0,0.0,0.0,0.0,0.0,0.0,0.0,7.089544999240897,0.08,15.0,False,1434.3628991969722,1772.3862498102244,1772.3862498102244,141.79089998481797,797.573812414601,717.1814495984861,2026-01-02 10:30:00
0.9553689254109692,0.711647606552103,0.8118199597996452,0.6082049806922283,0.7124542262407253,26.4156964388743,4.382299962262948,0.8600465805612826,0.31513626977646353,0.3759625467254528,5.9334453593261465,1.2358919873170637,1.2037009070058426,0.19595131044281167,7.333097576774801,0.0,0.0,0.0,0.0,0.0,0.0,0.0,0.0,7.333097576774801,0.08,15.0,False,1483.3613398315367,1833.2743941937001,1833.2743941937001,146.661951535496,824.9734773871651,741.6806699157684,2026-01-02 10:45:00
0.9156299628565205,0.7455826530378591,0.9088592313561425,0.5909086613827713,0.7754534777056156,26.24703191965344,4.6785355464951675,0.8977624281147505,0.3142154349128059,0.3859985240511153,6.27651193357384,1.2349377946415467,1.2681472896750616,0.20644258204012633,7.751101805289028,0.0,0.0,0.0,0.0,0.0,0.0,0.0,0.0,7.751101805289028,0.08,15.0,False,1569.12798339346,1937.775451322257,1937.775451322257,155.02203610578056,871.9989530950156,784.56399169673,2026-01-02 11:00:00
0.788482909556659,0.7181924590628495,0.8533735629876259,0.5856913039643356,0.7031834596666655,26.651465030825566,4.338706889512272,0.8544964381281478,0.30163003953104695,0.3779972541744029,5.87283062134587,1.2368131823701969,1.1960567897073682,0.19470691925468775,7.263594330307926,0.0,0.0,0.0,0.0,0.0,0.0,0.0,0.0,7.263594330307926,0.08,15.0,False,1468.2076553364675,1815.8985825769817,1815.8985825769817,145.27188660615855,817.1543621596418,734.1038276682337,2026-01-02 11:15:00
0.6080499195523875,0.6912916216061393,0.7129111998999398,0.5569979446302056,0.599951793938943,26.94389074128198,3.85329012507405,0.7926945964118667,0.2821995947058737,0.3637738097182665,5.291958125910057,1.2392396587222605,1.0887997801730853,0.17724647584213016,6.558004381925272,0.0,0.0,0.0,0.0,0.0,0.0,0.0,0.0,6.558004381925272,0.08,15.0,False,1322.9895314775142,1639.501095481318,1639.501095481318,131.16008763850544,737.7754929665931,661.4947657387571,2026-01-02 11:30:00
0.6101051503398186,0.7356458805352413,0.6608300106811802,0.5267426571347024,0.5792002059556158,27.572938147315103,3.755711842046145,0.7802712150117286,0.28165634492103625,0.3662349696228909,5.183874371601801,1.241798896839573,1.0779713897910956,0.17548371461715506,6.437329476010052,0.0,0.0,0.0,0.0,0.0,0.0,0.0,0.0,6.437329476010052,0.08,15.0,False,1295.9685929004504,1609.332369002513,1609.332369002513,128.74658952020104,724.1995660511308,647.9842964502252,2026-01-02 11:45:00
0.5377570484749005,0.81823445891037,0.5280133559732159,0.5194414031333061,0.6358267065236145,27.712314740804143,4.021981426028993,0.8141718791188132,0.27526396232765304,0.37184720238448576,5.483264469859945,1.2413704825735545,1.1382084444049279,0.185289746763593,6.806762661028466,0.0,0.0,0.0,0.0,0.0,0.0,0.0,0.0,6.806762661028466,0.08,15.0,False,1370.8161174649863,1701.6906652571165,1701.6906652571165,136.13525322056933,765.7607993657025,685.4080587324931,2026-01-02 12:00:00
0.5004315487976116,0.7494762365751495,0.5885423948143581,0.5138802647250394,0.6239898336033624,28.348697498017646,3.966321987488399,0.8070854823094986,0.2711536956872301,0.36359957762312095,5.408160743108248,1.2438058313341354,1.1339453683274419,0.18459575763469993,6.72670186907039,0.0,0.0,0.0,0.0,0.0,0.0,0.0,0.0,6.72670186907039,0.08,15.0,False,1352.040185777062,1681.6754672675975,1681.6754672675975,134.5340373814078,756.7539602704189,676.020092888531,2026-01-02 12:15:00
0.4543013390303591,0.7726609998971559,0.6073491471517951,0.4629112096300671,0.5854746410895555,28.78688109476904,3.7852155411284367,0.7840275396265961,0.2667228920862381,0.3653048042536086,5.20127077709488,1.2459881000102189,1.1003276158427702,0.1791231002534741,6.480721493191124,0.0,0.0,0.0,0.0,0.0,0.0,0.0,0.0,6.480721493191124,0.08,15.0,False,1300.31769427372,1620.180373297781,1620.180373297781,129.6144298638225,729.0811679840015,650.15884713686,2026-01-02 12:30:00
0.44457407690095246,0.6942327095476754,0.5859997206912058,0.4516708614477799,0.5794265621448184,28.583481483101494,3.7567762159298623,0.7804067279793628,0.2627938368653051,0.35044888887582487,5.150425669650355,1.245452592453601,1.0871993862555183,0.17698594659973566,6.414611002505609,0.0,0.0,0.0,0.0,0.0,0.0,0.0,0.0,6.414611002505609,0.08,15.0,False,1287.6064174125888,1603.6527506264022,1603.6527506264022,128.29222005011218,721.643737781881,643.8032087062944,2026-01-02 12:45:00
0.5118003054264323,0.684789234461679,0.6462461706589137,0.44502638548823736,0.5434633207361694,29.21085435898183,3.5876695744721814,0.7588765653352386,0.2690388408324882,0.3519023893697688,4.967487370009676,1.2483384772926045,1.060911694517065,0.17270655492138265,6.201105619448124,0.0,0.0,0.0,0.0,0.0,0.0,0.0,0.0,6.201105619448124,0.08,15.0,False,1241.8718425024192,1550.276404862031,1550.276404862031,124.02211238896248,697.624382187914,620.9359212512096,2026-01-02 13:00:00
0.5075142133315244,0.8063271973165637,0.6688318279298731,0.4338284274677702,0.6011069621849605,28.970924997709975,3.8587219664418186,0.7933861625567388,0.2723756243491398,0.3725362613632769,5.2970200147109745,1.2463182747688935,1.1220874350383192,0.18266539640158674,6.6017728461508804,0.0,0.0,0.0,0.0,0.0,0.0,0.0,0.0,6.6017728461508804,0.08,15.0,False,1324.2550036777436,1650.4432115377201,1650.4432115377201,132.03545692301762,742.6994451919741,662.1275018388718,2026-01-02 13:15:00
0.4848981555320846,0.7156153947416801,0.5821067754491871,0.41086001651007503,0.4825547741423013,29.409201918048502,3.3012649194101225,0.7224123629102643,0.2653341192186865,0.35120119129685823,4.6402125928359315,1.2504836677612334,0.9995758237230498,0.16272164572235692,5.802510062281338,0.0,0.0,0.0,0.0,0.0,0.0,0.0,0.0,5.802510062281338,0.08,15.0,False,1160.053148208983,1450.6275155703345,1450.6275155703345,116.05020124562677,652.7823820066506,580.0265741044915,2026-01-02 13:30:00
0.41318247058394725,0.5902806099932882,0.40016103142913867,0.3966289733778673,0.4283792700846733,29.6616335999057,3.046520430826312,0.6899790402173986,0.2516104574478153,0.31928454155709873,4.307394470048624,1.2531274778615684,0.9376751125881172,0.1526447857701586,5.3977143684069,0.0,0.0,0.0,0.0,0.0,0.0,0.0,0.0,5.3977143684069,0.08,15.0,False,1076.8486175121561,1349.4285921017251,1349.4285921017251,107.95428736813801,607.2428664457764,538.4243087560781,2026-01-02 13:45:00
0.3184071159527589,0.5220435607234816,0.44798714679652707,0.3928389914816085,0.38638725839374694,29.76340754359835,2.849065257517144,0.6648396254692558,0.24257849525158853,0.31051111226010325,4.066994490498091,1.2549337889357193,0.891660310937301,0.14515400410607227,5.1038088055414645,0.0,0.0,0.0,0.0,0.0,0.0,0.0,0.0,5.1038088055414645,0.08,15.0,False,1016.7486226245228,1275.9522013853662,1275.9522013853662,102.0761761108293,574.1784906234147,508.3743113122614,2026-01-02 14:00:00
0.3221648802314245,0.6017306634497317,0.4549428882986794,0.3969965408630329,0.3980189565269768,29.720379279182886,2.9037599215328025,0.6718031900097859,0.24553283676070753,0.3243127046337293,4.145408652937025,1.2542937291854435,0.9065702258035472,0.14758119954941462,5.199560078289987,0.0,0.0,0.0,0.0,0.0,0.0,0.0,0.0,5.199560078289987,0.08,15.0,False,1036.3521632342563,1299.8900195724966,1299.8900195724966,103.99120156579973,584.9505088076235,518.1760816171281,2026-01-02 14:15:00
0.35760810058816517,0.6560384056013291,0.42927510654376433,0.4142260810490923,0.4389272597426742,29.994224558762063,3.0961192721800805,0.6962938195312199,0.2501343946073328,0.33288970103982174,4.375437187358455,1.2539083121514099,0.9554254892033597,0.15553438196333758,5.486397058525152,0.0,0.0,0.0,0.0,0.0,0.0,0.0,0.0,5.486397058525152,0.08,15.0,False,1093.8592968396138,1371.599264631288,1371.599264631288,109.72794117050304,617.2196690840796,546.9296484198069,2026-01-02 14:30:00
0.5072153127572712,0.6830638606543029,0.4413951396140601,0.44296124203376547,0.5127361614233787,29.871549210661037,3.4431840801343028,0.7404810950805136,0.26448097558339667,0.3398355337293237,4.787981684527537,1.2514123679809932,1.0352317193147555,0.16852609384193706,5.99173949768423,0.0,0.0,0.0,0.0,0.0,0.0,0.0,0.0,5.99173949768423,0.08,15.0,False,1196.9954211318843,1497.9348744210574,1497.9348744210574,119.83478995368459,674.0706934894758,598.4977105659422,2026-01-02 14:45:00
0.5290092081109006,0.7902452243081061,0.3070391449330217,0.5880400874469442,0.6417763519162024,30.63934454969993,4.049957896191183,0.8177337614175114,0.2715961050704706,0.3589522018746086,5.498239964553774,1.251575358869579,1.1895706553209624,0.1936510369127149,6.881461656787451,0.0,0.0,0.0,0.0,0.0,0.0,0.0,0.0,6.881461656787451,0.08,15.0,False,1374.5599911384434,1720.3654141968627,1720.3654141968627,137.62923313574902,774.1644363885882,687.2799955692217,2026-01-02 15:00:00
0.6067969108932666,0.6039429862400237,0.4107246681058774,0.4941933444232862,0.4927062420396288,30.944721507412396,3.348999232968679,0.7284897560023537,0.2714362990761439,0.32824427165349596,4.677169559700673,1.2556802309029855,1.0284394219771473,0.16742037101953566,5.873029352697356,0.0,0.0,0.0,0.0,0.0,0.0,0.0,0.0,5.873029352697356,0.08,15.0,False,1169.2923899251682,1468.2573381743389,1468.2573381743389,117.46058705394711,660.7158021784525,584.6461949625841,2026-01-02 15:15:00
0.581159335219398,0.6818819778906738,0.27974163549998715,0.4813331146215663,0.5484839054882404,31.135985544630223,3.6112774082580485,0.7618822456367563,0.2686155612416978,0.332845934982009,4.974621150118512,1.2550479008530637,1.0911393464142027,0.1776273354627773,6.243387831995492,0.0,0.0,0.0,0.0,0.0,0.0,0.0,0.0,6.243387831995492,0.08,15.0,False,1243.6552875296281,1560.846957998873,1560.846957998873,124.86775663990984,702.3811310994929,621.8276437648141,2026-01-02 15:30:00
0.5230443574925235,0.8125959572185243,0.29992995743226675,0.48773101643252315,0.6198152986269971,31.12264298101192,3.9466924557262555,0.8045863077778305,0.2683138649649585,0.35595821521642784,5.375550843685472,1.2536095104053293,1.1724301031583835,0.19086071446764397,6.7388416613115,0.0,0.0,0.0,0.0,0.0,0.0,0.0,0.0,6.7388416613115,0.08,15.0,False,1343.8877109213681,1684.710415327875,1684.710415327875,134.77683322623,758.1196868975437,671.9438554606841,2026-01-02 15:45:00
0.4959069737189732,0.6740208358638523,0.15684989942626187,0.4918169374361061,0.5928153567754693,30.90513603716212,3.819733113152466,0.7884222158696553,0.25925293074599437,0.32521438970527605,5.192622649473392,1.2534315212718172,1.1317378614040208,0.18423639604251507,6.508596906919927,0.0,0.0,0.0,0.0,0.0,0.0,0.0,0.0,6.508596906919927,0.08,15.0,False,1298.155662368348,1627.1492267299818,1627.1492267299818,130.17193813839856,732.2171520284918,649.077831184174,2026-01-02 16:00:00
0.49410540082526844,0.589161840681297,0.11563971090455746,0.5251024076181142,0.5389015519835306,30.764128607299423,3.5662191889493737,0.7561455650320908,0.25686426766474885,0.3109539829004299,4.8901830045466435,1.2540926201360176,1.0686010948100964,0.1739583177597832,6.132742417116523,0.0,0.0,0.0,0.0,0.0,0.0,0.0,0.0,6.132742417116523,0.08,15.0,False,1222.5457511366608,1533.1856042791308,1533.1856042791308,122.65484834233047,689.9335219256088,611.2728755683304,2026-01-02 16:15:00
0.6775743311874045,0.49138275946862897,0.23230752874591973,0.5623681234604753,0.596418437166202,29.951231887585095,3.836675546590412,0.7905792769073647,0.2726506140734551,0.3037921739647191,5.203697611535951,1.2500550762144247,1.11904146245052,0.18216954039892186,6.504908614385393,0.0,0.0,0.0,0.0,0.0,0.0,0.0,0.0,6.504908614385393,0.08,15.0,False,1300.9244028839878,1626.2271535963482,1626.2271535963482,130.09817228770785,731.8022191183567,650.4622014419939,2026-01-02 16:30:00
0.6398558306147321,0.40108839689393,0.18461485628681387,0.60569023672733,0.5474060952659021,30.060436012945114,3.606209320408087,0.7612369915251271,0.26733756122774605,0.2888943826334915,4.923678255794452,1.2514901450811118,1.0649006406389172,0.17335591824354468,6.161934814676914,0.0,0.0,0.0,0.0,0.0,0.0,0.0,0.0,6.161934814676914,0.08,15.0,False,1230.919563948613,1540.4837036692286,1540.4837036692286,123.2386962935383,693.2176666511529,615.4597819743065,2026-01-02 16:45:00
0.7166227075453624,0.3422182379747247,0.21925560229972854,0.6580489685362534,0.5700522372400693,29.875208097507294,3.7126961903681517,0.7747945881395549,0.2743425026313553,0.28442956703888544,5.046262848177947,1.250355923159131,1.0864911427189252,0.1768706511402902,6.3096246420371624,0.0,0.0,0.0,0.0,0.0,0.0,0.0,0.0,6.3096246420371624,0.15,15.0,False,1261.5657120444866,1577.4061605092907,1577.4061605092907,236.6109240763936,709.8327722291808,630.7828560222433,2026-01-02 17:00:00
0.6678823369969296,0.3260348981265651,0.19835717590498958,0.6497989673506765,0.5323285192936701,29.563165126758296,3.53531142205085,0.7522104786123276,0.2691499991986832,0.2800548005987055,4.8367267004605665,1.2501179870605736,1.0403870178019412,0.1693653284793859,6.046479046741894,0.0,0.0,0.0,0.0,0.0,0.0,0.0,0.0,6.046479046741894,0.15,15.0,False,1209.1816751151416,1511.6197616854733,1511.6197616854733,226.742964252821,680.2288927584631,604.5908375575708,2026-01-02 17:15:00
0.7444784496525951,0.2789738210133442,0.16335194888770835,0.6624763634875535,0.5277831126483016,29.625651683237848,3.5139379745597448,0.7494892738341918,0.273800959643831,0.2710932570601709,4.808321465097938,1.2504612496828023,1.035696454601562,0.16860174842351006,6.01261966812301,0.0,0.0,0.0,0.0,0.0,0.0,0.0,0.0,6.01261966812301,0.15,15.0,False,1202.0803662744845,1503.1549170307526,1503.1549170307526,225.4732375546129,676.4197126638387,601.0401831372423,2026-01-02 17:30:00
0.7690178835962832,0.1710202185600077,0.22951126031457614,0.6746137878754649,0.5336970272000539,29.547678705822403,3.5417464308763114,0.7530297651018132,0.27433021333035407,0.25780742473487467,4.826913834043354,1.250106578472938,1.0382288971099958,0.1690140065062784,6.034156737659628,0.0,0.0,0.0,0.0,0.0,0.0,0.0,0.0,6.034156737659628,0.15,15.0,False,1206.7284585108384,1508.539184414907,1508.539184414907,226.28087766223604,678.8426329867082,603.3642292554192,2026-01-02 17:45:00
0.7511169142170383,0.10414308549090197,0.1688973752442737,0.6834281080897366,0.5045348409772654,28.670872842814873,3.404619765522025,0.7355711994152431,0.2699538561920688,0.24387839945040252,4.654023220579739,1.2478326753854625,0.9919403624136149,0.16147866364872798,5.807442246642082,0.0,0.0,0.0,0.0,0.0,0.0,0.0,0.0,5.807442246642082,0.15,15.0,False,1163.5058051449348,1451.8605616605205,1451.8605616605205,217.77908424907807,653.3372527472343,581.7529025724674,2026-01-02 18:00:00
0.7400005158637585,0.05,0.04272946162299007,0.6790208387610023,0.4339927162335295,27.8403235488446,3.072916022215032,0.6933396496576211,0.26478041772318217,0.22749369267242664,4.258529782268262,1.2470355155095987,0.9047269660650321,0.14728113401058662,5.310537882343881,0.0,0.0,0.0,0.0,0.0,0.0,0.0,0.0,5.310537882343881,0.15,15.0,False,1064.6324455670656,1327.6344705859701,1327.6344705859701,199.1451705878955,597.4355117636866,532.3162227835328,2026-01-02 18:15:00
0.6871503653769425,0.05,0.031837254461525646,0.6557210930277428,0.41614255453741394,26.974006149892478,2.988980849086264,0.6826532690787878,0.2594308408613336,0.22541613377096864,4.156481092797354,1.2446135933712537,0.8743893272643989,0.142342448624437,5.17321286868619,0.0,0.0,0.0,0.0,0.0,0.0,0.0,0.0,5.17321286868619,0.15,15.0,False,1039.1202731993385,1293.3032171715474,1293.3032171715474,193.9954825757321,581.9864477271964,519.5601365996692,2026-01-02 18:30:00
0.7091169782211093,0.05,0.10766018497910047,0.6674007583360535,0.4313802313477625,26.776892779760725,3.0606315748852992,0.6917756297780796,0.2631331882400251,0.2304601807009299,4.246000573604333,1.2433869710694456,0.8887422481410711,0.14467897062761625,5.279421792373021,0.0,0.0,0.0,0.0,0.0,0.0,0.0,0.0,5.279421792373021,0.15,15.0,False,1061.5001434010833,1319.855448093255,1319.855448093255,197.97831721398825,593.9349516419647,530.7500717005416,2026-01-02 18:45:00
0.6634469358188824,0.05,0.14186031262359577,0.6574435779928866,0.40417699317181427,26.529964481624397,2.9327162907084507,0.6754898301828807,0.2597108620314268,0.23178260510309673,4.099699588025855,1.243410655541856,0.8582030852516037,0.13970747899444713,5.097610152271906,0.0,0.0,0.0,0.0,0.0,0.0,0.0,0.0,5.097610152271906,0.15,15.0,False,1024.9248970064637,1274.4025380679764,1274.4025380679764,191.16038071019645,573.4811421305894,512.4624485032318,2026-01-02 19:00:00
0.5717529756064957,0.05,0.046164815323403205,0.6647094357479102,0.37816348701839686,26.256712580500288,2.810395373965802,0.6599162890756459,0.25048269095140907,0.22679359513905192,3.947587949131909,1.2434363077079527,0.8264481618326098,0.13453807285647135,4.90857418382099,0.0,0.0,0.0,0.0,0.0,0.0,0.0,0.0,4.90857418382099,0.15,15.0,False,986.8969872829773,1227.1435459552476,1227.1435459552476,184.07153189328713,552.2145956798614,493.44849364148865,2026-01-02 19:15:00
0.488877333689738,0.05,0.047389199080900515,0.7803858677537348,0.4248658909830864,25.840436434796835,3.0299997915077967,0.6878756807724561,0.24748427913455312,0.23410155528739146,4.199461306702197,1.2403858133798151,0.8681621928930553,0.14132872907561367,5.208952228670866,0.0,0.0,0.0,0.0,0.0,0.0,0.0,0.0,5.208952228670866,0.15,15.0,False,1049.8653266755493,1302.2380571677165,1302.2380571677165,195.33570857515747,586.0071257254724,524.9326633377747,2026-01-02 19:30:00
0.5087294698016128,0.05,0.06107008242820988,0.6740564566531941,0.3654843954685276,25.568713607671704,2.7507756482472745,0.6523256800939212,0.24588262958887946,0.22822636331729917,3.8772103212473743,1.2415029649756826,0.8052676980373813,0.13109009037817831,4.813568109662934,0.0,0.0,0.0,0.0,0.0,0.0,0.0,0.0,4.813568109662934,0.15,15.0,False,969.3025803118436,1203.3920274157335,1203.3920274157335,180.50880411236002,541.5264123370802,484.6512901559218,2026-01-02 19:45:00
0.6084818268410007,0.05,0.08699176227128845,0.6479203837799767,0.3454603454998689,25.505981566049762,2.6566184002922477,0.6403378548664764,0.2537701562224218,0.22806549181789634,3.7787919031990422,1.2419687065319909,0.7863404746007441,0.1280089144698886,4.693141292269675,0.0,0.0,0.0,0.0,0.0,0.0,0.0,0.0,4.693141292269675,0.15,15.0,False,944.6979757997606,1173.2853230674186,1173.2853230674186,175.9927984601128,527.9783953803384,472.3489878998803,2026-01-02 20:00:00
0.5935294931686643,0.05,0.04746614884084971,0.628977292885654,0.44653786397324113,24.981568447037624,3.131905916277886,0.7008500703163553,0.25112644684456653,0.22463172682980262,4.3085141602686114,1.236740846320264,0.8772011082689565,0.1428001804158766,5.3285154489534445,0.0,0.0,0.0,0.0,0.0,0.0,0.0,0.0,5.3285154489534445,0.15,15.0,False,1077.128540067153,1332.128862238361,1332.128862238361,199.81932933575416,599.4579880072625,538.5642700335765,2026-01-02 20:15:00
0.5601001287548054,0.05,0.0779949378465363,0.6337375140882446,0.3504796201566004,24.383030345418316,2.6802200737373276,0.6433427508514353,0.24912825801351646,0.22666622956353943,3.799357312165819,1.2378931017076327,0.7773031701185632,0.12653772536813823,4.7031982076525205,0.0,0.0,0.0,0.0,0.0,0.0,0.0,0.0,4.7031982076525205,0.15,15.0,False,949.8393280414548,1175.79955191313,1175.79955191313,176.36993278696949,529.1097983609085,474.9196640207274,2026-01-02 20:30:00
0.5562910316188356,0.05,0.09760621875217416,0.6697354913476833,0.3727233121039424,23.934683377764397,2.784814539961655,0.6566594121609716,0.2503913968782293,0.230034351391746,3.9218997003926015,1.2354809689338526,0.7942381576984593,0.12929458381137715,4.845432441902438,0.0,0.0,0.0,0.0,0.0,0.0,0.0,0.0,4.845432441902438,0.15,15.0,False,980.4749250981504,1211.3581104756095,1211.3581104756095,181.7037165713414,545.1111497140242,490.2374625490752,2026-01-02 20:45:00
0.6164083384783944,0.05,0.20796407859001786,0.6575636795284606,0.37396479682183625,23.64294408619483,2.790652259334013,0.6574026535054524,0.25714065003844355,0.23555044943003056,3.9407460123079394,1.2343336991812135,0.794166647914052,0.1292829426836829,4.864195602905674,0.0,0.0,0.0,0.0,0.0,0.0,0.0,0.0,4.864195602905674,0.15,15.0,False,985.1865030769849,1216.0489007264187,1216.0489007264187,182.4073351089628,547.2220053268884,492.59325153849244,2026-01-02 21:00:00
0.17515705350284805,0.05,0.28218598508342935,0.6474495571547545,0.35271252134192377,22.835483515293593,2.690719639554165,0.6446795248407985,0.2218410315683472,0.2391397021924574,3.7963798981557675,1.232497652598093,0.7590784966349509,0.1235709180568525,4.679029312847571,0.0,0.0,0.0,0.0,0.0,0.0,0.0,0.0,4.679029312847571,0.15,15.0,False,949.0949745389419,1169.7573282118926,1169.7573282118926,175.4635992317839,526.3907976953517,474.54748726947093,2026-01-02 21:15:00
0.11899910991467363,0.05,0.27858479728780194,0.600608273879235,0.34789447232702725,22.59828146240555,2.668064170931926,0.6417950968845036,0.21558522617708245,0.23600381191426573,3.761448305907778,1.2319151247883173,0.7502096077944904,0.1221271454549171,4.633785059157185,0.0,0.0,0.0,0.0,0.0,0.0,0.0,0.0,4.633785059157185,0.15,15.0,False,940.3620764769445,1158.4462647892963,1158.4462647892963,173.76693971839444,521.3008191551834,470.18103823847224,2026-01-02 21:30:00
0.17241503491142635,0.05,0.27581655196175575,0.549755625036823,0.353829313521637,21.761764999826223,2.6959710286759497,0.6453481163338648,0.21826153377432803,0.2326642974974255,3.7922449762815678,1.2296026135415532,0.748810047659903,0.12189931008417021,4.662954334025641,0.0,0.0,0.0,0.0,0.0,0.0,0.0,0.0,4.662954334025641,0.15,15.0,False,948.0612440703919,1165.7385835064104,1165.7385835064104,174.86078752596154,524.5823625778846,474.03062203519596,2026-01-02 21:45:00
0.175301129003412,0.05,0.3213041587361833,0.5627921904401566,0.3602915526642251,20.632829598229637,2.7263578212701405,0.6492168738300031,0.21983193098668996,0.23606761837135584,3.8314742444581893,1.2293278121934184,0.755650701123043,0.12301290483398375,4.710137850415216,0.0,0.0,0.0,0.0,0.0,0.0,0.0,0.0,4.710137850415216,0.08,15.0,False,957.8685611145473,1177.534462603804,1177.534462603804,94.20275700830433,529.8905081717119,478.93428055727367,2026-01-02 22:00:00
0.2520230473524808,0.05,0.3058165492531467,0.517211021882278,0.3778043979460384,20.25948839524629,2.8087068624570453,0.659701312732336,0.22435478367023567,0.23233441617968698,3.925097375039304,1.2286881027748295,0.7719558418376141,0.1256672300665883,4.8227204469435065,0.0,0.0,0.0,0.0,0.0,0.0,0.0,0.0,4.8227204469435065,0.08,15.0,False,981.274343759826,1205.6801117358766,1205.6801117358766,96.45440893887013,542.5560502811445,490.637171879913,2026-01-02 22:15:00
0.23253840269040565,0.05,0.2954924398290221,0.47016847794479977,0.30567332724945506,19.385528655617193,2.4695315647790057,0.6165185065401563,0.22098740602984113,0.2288034971984387,3.5358409745474417,1.231496974644489,0.7039413800513092,0.11459510838044573,4.354377462979197,0.0,0.0,0.0,0.0,0.0,0.0,0.0,0.0,4.354377462979197,0.08,15.0,False,883.9602436368605,1088.5943657447992,1088.5943657447992,87.08754925958394,489.86746458515967,441.98012181843023,2026-01-02 22:30:00
0.1332282036026911,0.05,0.3213254961741869,0.4466823002098306,0.29041092239955957,19.225923534303874,2.3977645625945883,0.6073813418717988,0.21252304049853035,0.228803398265703,3.4464723432306203,1.2321972990629857,0.6882249496783495,0.11203661971508017,4.24673391262405,0.0,0.0,0.0,0.0,0.0,0.0,0.0,0.0,4.24673391262405,0.08,15.0,False,861.6180858076551,1061.6834781560126,1061.6834781560126,84.934678252481,477.7575651702057,430.80904290382756,2026-01-02 22:45:00
0.05071203481454717,0.05,0.374136620397724,0.42204858064542583,0.24851197099494043,18.556032974231943,2.2007469781081768,0.5822976396518215,0.2059421982733039,0.23026614739307574,3.219252963426378,1.2340711083246716,0.6480393338489584,0.10549477527773743,3.9727870725530736,0.0,0.0,0.0,0.0,0.0,0.0,0.0,0.0,3.9727870725530736,0.08,15.0,False,804.8132408565945,993.1967681382685,993.1967681382685,79.45574145106148,446.9385456622208,402.40662042829723,2026-01-02 23:00:00
0.18256993758966655,0.05,0.393083496530816,0.37998897007892685,0.22664171974568387,18.043650932025148,2.097908507721913,0.5692045465928874,0.2158166678984247,0.22871211662508736,3.1116418388383122,1.2350052462334484,0.6288768546127883,0.1023753019137097,3.8428939953648102,0.0,0.0,0.0,0.0,0.0,0.0,0.0,0.0,3.8428939953648102,0.08,15.0,False,777.910459709578,960.7234988412025,960.7234988412025,76.85787990729621,432.3255744785411,388.955229854789,2026-01-02 23:15:00
0.2988719268237726,0.05,0.5050412679168368,0.35302655350276096,0.23752833283877461,17.8195501948253,2.149099626901149,0.5757220500591219,0.22674856281252798,0.2333937220869325,3.184963961859731,1.234365501564799,0.641943281692876,0.1045023946941891,3.9314096382467962,0.0,0.0,0.0,0.0,0.0,0.0,0.0,0.0,3.9314096382467962,0.08,15.0,False,796.2409904649328,982.852409561699,982.852409561699,78.62819276493592,442.28358430276455,398.1204952324664,2026-01-02 23:30:00
0.27703000050170656,0.05,0.6236829540140676,0.3607200773334662,0.3544525962647165,16.990982074627453,2.69890183377672,0.6457212578613287,0.22755032726910215,0.24062409663592557,3.812797515543076,1.22945814530761,0.7523946038609807,0.12248284248899688,4.6876749618930535,0.0,0.0,0.0,0.0,0.0,0.0,0.0,0.0,4.6876749618930535,0.08,15.0,False,953.199378885769,1171.9187404732634,1171.9187404732634,93.75349923786108,527.3634332129685,476.5996894428845,2026-01-02 23:45:00
0.25203128674784886,0.03,0.5743604753386833,0.17093630619305067,0.21738942503382352,16.357991525711604,2.0544022935094453,0.5636654627346172,0.2176454444558585,0.22264354424403407,3.058356744943955,1.2354789094014718,0.6193535193396323,0.10082499152040525,3.7785352558039924,0.0,0.0,0.0,0.0,0.0,0.0,0.0,0.0,3.7785352558039924,0.08,15.0,False,764.5891862359887,944.633813950998,944.633813950998,75.57070511607985,425.08521627794914,382.29459311799434,2026-01-03 00:00:00
0.3537955881415743,0.07903583152382523,0.6674943660477648,0.14663552820074735,0.19559353761560294,15.941094937945056,1.951913497324389,0.5506168891715442,0.2285494400937893,0.23451020212091658,2.965590028710639,1.2363210945660832,0.6027150741924777,0.09811640742668237,3.666421510329799,0.0,0.0,0.0,0.0,0.0,0.0,0.0,0.0,3.666421510329799,0.08,15.0,False,741.3975071776597,916.6053775824497,916.6053775824497,73.32843020659598,412.4724199121024,370.69875358882985,2026-01-03 00:15:00
0.27596422000605025,0.13984376807184346,0.7280891255193115,0.17541267680546205,0.16935958155463943,16.280412468841803,1.8285559792628778,0.5349113710183468,0.22608151780209487,0.24978916099719575,2.839338029080515,1.2375031168971622,0.57994240337489,0.09440922845637745,3.5136896609117825,0.0,0.0,0.0,0.0,0.0,0.0,0.0,0.0,3.5136896609117825,0.08,15.0,False,709.8345072701287,878.4224152279456,878.4224152279456,70.27379321823565,395.29008685257554,354.91725363506436,2026-01-03 00:30:00
0.22991273742368484,0.21066099273503988,0.8185670085579526,0.1919771547113496,0.27659799210380365,16.45838471426522,2.332813291254442,0.5991119361060534,0.22672421845866264,0.2676550403135466,3.4263044861327048,1.2323582048828847,0.684671765410774,0.1114581943691958,4.222434445912675,0.0,0.0,0.0,0.0,0.0,0.0,0.0,0.0,4.222434445912675,0.08,15.0,False,856.5761215331762,1055.6086114781685,1055.6086114781685,84.44868891825348,475.02387516517587,428.2880607665881,2026-01-03 00:45:00
0.2922810277233041,0.2767496230449605,0.8700527118408966,0.1827429709074937,0.3235734275335923,15.588756051997404,2.553701559535878,0.6272347839213972,0.23455426945631,0.28090845715687984,3.6963990700704645,1.2302907951763584,0.732072145776684,0.11917453535899514,4.547645751206144,0.0,0.0,0.0,0.0,0.0,0.0,0.0,0.0,4.547645751206144,0.08,15.0,False,924.0997675176161,1136.9114378015358,1136.9114378015358,90.95291502412287,511.61014701069115,462.04988375880805,2026-01-03 01:00:00
0.2766728377582955,0.3611192500805382,0.8340780495376112,0.15302338138484328,0.2886407694782838,16.103391202587943,2.389440935366942,0.6063216020150106,0.23407889310089997,0.29092058548454197,3.520762015967395,1.2316136867903074,0.7012927369133559,0.11416393391612778,4.336218686796879,0.0,0.0,0.0,0.0,0.0,0.0,0.0,0.0,4.336218686796879,0.08,15.0,False,880.1905039918487,1084.0546716992196,1084.0546716992196,86.72437373593758,487.82460226464883,440.09525199592434,2026-01-03 01:15:00
0.2880576399595425,0.45929492276384665,0.8458024195629421,0.1437783428713289,0.3262516263043995,15.920819536190008,2.566295007221558,0.6288381448218666,0.23786446781138126,0.3072047999572596,3.740202419812065,1.2299733287401002,0.7397262485555245,0.12042055209043423,4.600349220458024,0.0,0.0,0.0,0.0,0.0,0.0,0.0,0.0,4.600349220458024,0.08,15.0,False,935.0506049530163,1150.0873051145059,1150.0873051145059,92.00698440916047,517.5392873015277,467.52530247650816,2026-01-03 01:30:00
0.2850739827303509,0.4938696061744914,0.9473974966868046,0.1501067184541778,0.4465091733928856,15.200320384231885,3.131771007201414,0.7008328940875946,0.2408683445092343,0.31908374082791835,4.392555986626161,1.225833998305195,0.8531100938657171,0.1388783873734888,5.384544467865367,0.0,0.0,0.0,0.0,0.0,0.0,0.0,0.0,5.384544467865367,0.08,15.0,False,1098.1389966565403,1346.1361169663417,1346.1361169663417,107.69088935730734,605.7612526348538,549.0694983282701,2026-01-03 01:45:00
0.3113300834052759,0.6280530226440596,1.0,0.18235374956886216,0.48375019270095826,15.058861911846794,3.3068860261199875,0.7231280257645447,0.2491329443230318,0.34622973075049523,4.625376726958058,1.2246238144543558,0.8935139967800415,0.14545576691768114,5.664346490655781,0.0,0.0,0.0,0.0,0.0,0.0,0.0,0.0,5.664346490655781,0.08,15.0,False,1156.3441817395146,1416.0866226639453,1416.0866226639453,113.28692981311562,637.2389801987754,578.1720908697573,2026-01-03 02:00:00
0.39609295664123373,0.7138989794497763,0.9695279315559396,0.1635587880450351,0.500006313440355,15.764982554155939,3.3833256871097444,0.7328600996759236,0.2574595246079074,0.35748201670160756,4.731127328095182,1.2241205380988445,0.9118948102246831,0.14844799236215778,5.791470130682023,0.0,0.0,0.0,0.0,0.0,0.0,0.0,0.0,5.791470130682023,0.08,15.0,False,1182.7818320237955,1447.8675326705056,1447.8675326705056,115.82940261364045,651.5403897017276,591.3909160118977,2026-01-03 02:15:00
0.37533406105959066,0.6364603403921146,1.0,0.16685078287590696,0.47057743196190244,16.227008128648748,3.2449449651907134,0.7152418711779397,0.2541559560212581,0.3466465834647517,4.560989375854663,1.2249444382846155,0.882333506129405,0.14363568704432172,5.58695856902839,0.0,0.0,0.0,0.0,0.0,0.0,0.0,0.0,5.58695856902839,0.08,15.0,False,1140.2473439636658,1396.7396422570976,1396.7396422570976,111.73917138056781,628.5328390156939,570.1236719818329,2026-01-03 02:30:00
0.3882227779401922,0.5469947651442928,1.0,0.1863020849738843,0.3372147691970594,15.881977942203083,2.617845985436566,0.6354014644872896,0.253203171016765,0.3331048376601332,3.8395554586007536,1.2292716987672916,0.7570592061539748,0.12324219635064704,4.7198568611053755,0.0,0.0,0.0,0.0,0.0,0.0,0.0,0.0,4.7198568611053755,0.08,15.0,False,959.8888646501885,1179.9642152763438,1179.9642152763438,94.3971372221075,530.9838968743547,479.9444323250942,2026-01-03 02:45:00
0.22148293358325039,0.6159349936882254,1.0,0.13719371114813145,0.4211038559954363,15.8945926849417,3.012309920492589,0.6856234581700319,0.23986190679215522,0.3414048192276881,4.279200104682464,1.2264740750276073,0.8334499815867611,0.13567790397924018,5.248327990248465,0.0,0.0,0.0,0.0,0.0,0.0,0.0,0.0,5.248327990248465,0.08,15.0,False,1069.800026170616,1312.0819975621164,1312.0819975621164,104.96655980496931,590.4368989029524,534.900013085308,2026-01-03 03:00:00
0.20888030516423192,0.6489017638820644,1.0,0.16671191693166307,0.46809298479497274,15.6489015803513,3.233262577846799,0.7137545038136656,0.2407762382512059,0.3486903211347335,4.536483641046404,1.2250692907463996,0.8780799137927443,0.14294324178021423,5.5575067966193625,0.0,0.0,0.0,0.0,0.0,0.0,0.0,0.0,5.5575067966193625,0.08,15.0,False,1134.120910261601,1389.3766991548407,1389.3766991548407,111.15013593238726,625.2195146196783,567.0604551308005,2026-01-03 03:15:00
0.14217062046548898,0.6791571785254253,1.0,0.14547078023196458,0.4630392737837077,15.07965356902585,3.209498977499941,0.7107289917695045,0.23546547085001093,0.352352334692331,4.508045774811788,1.2252161281975977,0.8731447690209596,0.1421398461196911,5.523330389952439,0.0,0.0,0.0,0.0,0.0,0.0,0.0,0.0,5.523330389952439,0.08,15.0,False,1127.011443702947,1380.8325974881097,1380.8325974881097,110.46660779904879,621.3746688696494,563.5057218514735,2026-01-03 03:30:00
0.05905011697418666,0.704761019924131,1.0,0.1593087085276011,0.3935470012883947,15.49168137453941,2.8827318578342997,0.6691259584852449,0.2298199628266191,0.3574420205899072,4.139119799736071,1.2273110687923003,0.8091462611621454,0.131721484375233,5.0799875452734495,0.0,0.0,0.0,0.0,0.0,0.0,0.0,0.0,5.0799875452734495,0.08,15.0,False,1034.7799499340178,1269.9968863183624,1269.9968863183624,101.599750905469,571.498598843263,517.3899749670089,2026-01-03 03:45:00
0.04,0.7390777532903823,1.0,0.17058194933016663,0.3777817459186104,16.082355564214627,2.8086003479124573,0.6596877516122689,0.22963938730671613,0.36380856587406496,4.061736052705507,1.2277952559587353,0.7957100152360719,0.12953418852680243,4.986980256468382,0.0,0.0,0.0,0.0,0.0,0.0,0.0,0.0,4.986980256468382,0.08,15.0,False,1015.4340131763769,1246.7450641170954,1246.7450641170954,99.73960512936763,561.035278852693,507.71700658818844,2026-01-03 04:00:00
0.04,0.8105618526315275,0.8933825429099307,0.1998814241650696,0.44222082095116033,16.54252801345188,3.1116062820431134,0.6982655802991476,0.23061921628873155,0.37136951715317085,4.411860595784163,1.2257283120060263,0.8564583867793443,0.13942345831291658,5.407742440876424,0.0,0.0,0.0,0.0,0.0,0.0,0.0,0.0,5.407742440876424,0.08,15.0,False,1102.9651489460407,1351.935610219106,1351.935610219106,108.15484881752847,608.3710245985977,551.4825744730203,2026-01-03 04:15:00
0.06566103915283912,0.7218939315718054,1.0,0.2159520377927753,0.4933186394401329,16.48135768301225,3.3518788529245085,0.7288563807869739,0.23274611171269718,0.3638127761972979,4.677294121621478,1.2243731124965558,0.9025347745118469,0.1469242656182076,5.726753161751533,0.0,0.0,0.0,0.0,0.0,0.0,0.0,0.0,5.726753161751533,0.08,15.0,False,1169.3235304053694,1431.688290437883,1431.688290437883,114.53506323503065,644.2597306970474,584.6617652026847,2026-01-03 04:30:00
0.04,0.6575411732152758,0.925869470840912,0.16766360481598003,0.4266435109256082,16.493434576393625,3.0383585302224825,0.6889398909210087,0.2256500202523849,0.3459581576338277,4.298906599029704,1.226360408077099,0.8368679367558592,0.13623431528583752,5.2720088510714005,0.0,0.0,0.0,0.0,0.0,0.0,0.0,0.0,5.2720088510714005,0.08,15.0,False,1074.726649757426,1318.00221276785,1318.00221276785,105.44017702142801,593.1009957455326,537.363324878713,2026-01-03 04:45:00
0.04,0.6190255039717494,0.8905410339862302,0.15929309972712205,0.4253050206461618,16.649251160165935,3.0320646705225474,0.6881385751250658,0.22352843895875116,0.33707089380751387,4.280802578413878,1.2264647943655616,0.8337279250504552,0.13572315058960904,5.250253654053942,0.0,0.0,0.0,0.0,0.0,0.0,0.0,0.0,5.250253654053942,0.08,15.0,False,1070.2006446034695,1312.5634135134856,1312.5634135134856,105.00507308107885,590.6535360810685,535.1003223017348,2026-01-03 05:00:00
0.04,0.6850022159487865,0.789908091512779,0.1732030810057581,0.4366627316637909,16.85093199111369,3.0854709901313306,0.6949381114264768,0.22395483356232,0.3431007586329346,4.347464693753062,1.2260846216769972,0.8452896230654867,0.13760528747577694,5.330359604294325,0.0,0.0,0.0,0.0,0.0,0.0,0.0,0.0,5.330359604294325,0.08,15.0,False,1086.8661734382654,1332.5899010735814,1332.5899010735814,106.60719208588651,599.6654554831116,543.4330867191327,2026-01-03 05:15:00
0.04,0.7936142097296606,0.7069699147293598,0.18031983690669484,0.4244217074627982,16.79411030553019,3.02791114820523,0.6876097608202755,0.22577494789642694,0.3567455407305587,4.298041397652491,1.226365377424922,0.8367178763240883,0.13620988684345625,5.2709691608200355,0.0,0.0,0.0,0.0,0.0,0.0,0.0,0.0,5.2709691608200355,0.08,15.0,False,1074.5103494131226,1317.7422902050089,1317.7422902050089,105.41938321640072,592.984030592254,537.2551747065613,2026-01-03 05:30:00
0.04,0.7556960834176412,0.7090483818981883,0.2033710736891512,0.4165862203617044,17.26903738675587,2.9910670580745697,0.6829188791012012,0.2254503277535944,0.3520509298491337,4.251487194778499,1.2266356262265958,0.828643077993361,0.13489538478961693,5.215025657561477,0.0,0.0,0.0,0.0,0.0,0.0,0.0,0.0,5.215025657561477,0.08,15.0,False,1062.8717986946249,1303.7564143903692,1303.7564143903692,104.30051315122954,586.6903864756662,531.4358993473124,2026-01-03 05:45:00
0.071301706039512,0.6918607714449949,0.6516194842378843,0.2333374080199293,0.41174353595722213,18.47482235450172,2.9682957487263373,0.680019702642719,0.22598909828876304,0.34012844545653165,4.21443299511435,1.2268547426493925,0.822215136767006,0.13384897575276844,5.170497107634125,0.0,0.0,0.0,0.0,0.0,0.0,0.0,0.0,5.170497107634125,0.08,15.0,False,1053.6082487785875,1292.624276908531,1292.624276908531,103.40994215268249,581.6809246088391,526.8041243892937,2026-01-03 06:00:00
0.15623348283480967,0.5336436120127415,0.6620173352941124,0.25900296497498476,0.3801053912683352,19.336416328615883,2.819526611665096,0.6610788515339463,0.2293528308823603,0.3162252757009615,4.026183569782364,1.2280229106828973,0.7895334030118716,0.12852869351356044,4.944245666307796,0.0,0.0,0.0,0.0,0.0,0.0,0.0,0.0,4.944245666307796,0.08,15.0,False,1006.545892445591,1236.0614165769491,1236.0614165769491,98.88491332615592,556.2276374596271,503.2729462227955,2026-01-03 06:15:00
0.13446995814667997,0.5521310273332273,0.6498167661639951,0.26674552436487053,0.35616332715000715,19.60913572745532,2.706946046231381,0.6467454234470197,0.22811922370599685,0.31906554194802283,3.9008762353324204,1.2288514225177452,0.7677401249484824,0.12498095057300873,4.793597310853912,0.0,0.0,0.0,0.0,0.0,0.0,0.0,0.0,4.793597310853912,0.08,15.0,False,975.2190588331051,1198.399327713478,1198.399327713478,95.87194621707825,539.2796974710651,487.60952941655256,2026-01-03 06:30:00
0.08831968921018414,0.5830599103350617,0.6150567414485981,0.24032072228767482,0.3514442863309818,19.465368876450313,2.684756134739833,0.6439202688619983,0.2236660833569905,0.32053696158191275,3.872879448540735,1.2290420957807768,0.7628650860160594,0.12418733958400974,4.759931874140804,0.0,0.0,0.0,0.0,0.0,0.0,0.0,0.0,4.759931874140804,0.08,15.0,False,968.2198621351837,1189.982968535201,1189.982968535201,95.19863748281608,535.4923358408405,484.10993106759184,2026-01-03 06:45:00
0.5074154177893239,0.6140495127469694,0.5733604291291012,0.24858646639099705,0.37544473568033443,19.59559546048847,2.797611239673954,0.6582886505145863,0.25864097354391724,0.32379454384248296,4.038335407574941,1.2279447297340746,0.7916448548274843,0.12887241822773,4.958852680630155,0.0,0.0,0.0,0.0,0.0,0.0,0.0,0.0,4.958852680630155,0.08,15.0,False,1009.5838518937352,1239.7131701575388,1239.7131701575388,99.1770536126031,557.8709265708925,504.7919259468676,2026-01-03 07:00:00
0.5425377357194787,0.6649262459140935,0.615475282907201,0.2773361793286,0.46335306985485747,19.060946611728976,3.2109745118960697,0.7109168524901825,0.2648378738007034,0.3363822289421175,4.523111467129073,1.2251380761542023,0.875759167988788,0.1425654459516632,5.5414360810695245,0.0,0.0,0.0,0.0,0.0,0.0,0.0,0.0,5.5414360810695245,0.08,15.0,False,1130.7778667822683,1385.359020267381,1385.359020267381,110.82872162139049,623.4115591203215,565.3889333911342,2026-01-03 07:15:00
0.5726502537472574,0.676162699122177,0.4687704937250482,0.2727521978191204,0.4900066224092441,19.301112985899437,3.336305059945727,0.7268735710467487,0.2645996355614576,0.3296037000486179,4.657381966602551,1.224468439536978,0.8990743256390057,0.14636093673193118,5.702817228973488,0.0,0.0,0.0,0.0,0.0,0.0,0.0,0.0,5.702817228973488,0.08,15.0,False,1164.3454916506378,1425.7043072433719,1425.7043072433719,114.05634457946975,641.5669382595173,582.1727458253189,2026-01-03 07:30:00
0.5226194895752387,0.7745602733243769,0.4396239569606683,0.307958284795953,0.514040192637723,20.06101826224442,3.4493159061426426,0.7412617812210877,0.26397863817817646,0.34638104395626307,4.80093736949817,1.2238041912887445,0.9240441186512671,0.150425786757183,5.87540727490662,0.0,0.0,0.0,0.0,0.0,0.0,0.0,0.0,5.87540727490662,0.08,15.0,False,1200.2343423745426,1468.851818726655,1468.851818726655,117.50814549813241,660.9833184269947,600.1171711872713,2026-01-03 07:45:00
0.5625677636160927,0.7264243627808853,0.48864652334334824,0.34792165337635844,0.5603006390740406,21.27112293981896,3.6668421474590667,0.7689565856033249,0.2681379681123958,0.34372951624239134,5.047666217417179,1.2227873574032786,0.9671183471636717,0.15743787046850466,6.172222435049355,0.0,0.0,0.0,0.0,0.0,0.0,0.0,0.0,6.172222435049355,0.08,15.0,False,1261.9165543542947,1543.0556087623388,1543.0556087623388,123.44444870098711,694.3750239430525,630.9582771771474,2026-01-03 08:00:00
0.6079509906926522,0.6812694741271634,0.5206729604161997,0.36880909182989086,0.5211952835233551,21.875632814749984,3.482960631745789,0.7455453292125125,0.271867796996027,0.3394092774715121,4.839783035425841,1.2236336314281586,0.9308108997615424,0.15152735577513476,5.922121290962518,0.0,0.0,0.0,0.0,0.0,0.0,0.0,0.0,5.922121290962518,0.08,15.0,False,1209.94575885646,1480.5303227406293,1480.5303227406293,118.44242581925035,666.2386452332833,604.97287942823,2026-01-03 08:15:00
0.7933413989875183,0.7399945139442854,0.37807615589665816,0.3191030119672803,0.4979562036783414,21.858345975553707,3.373685644585927,0.7316327576765496,0.28445440880306155,0.33787503245034867,4.727647843515887,1.224136636039947,0.9112896122633585,0.14834947176380253,5.787286927543048,0.0,0.0,0.0,0.0,0.0,0.0,0.0,0.0,5.787286927543048,0.08,15.0,False,1181.9119608789717,1446.821731885762,1446.821731885762,115.74573855086095,651.0697793485929,590.9559804394859,2026-01-03 08:30:00
0.9037296420874147,0.6456001352565102,0.3688643744776083,0.31297730418097097,0.51248634801387,21.96462822129483,3.4420094055216035,0.7403315389468968,0.2903787908976957,0.3213957311723105,4.794115466538506,1.2238345480494899,0.9228562551247552,0.1502324136249602,5.867204135288222,0.0,0.0,0.0,0.0,0.0,0.0,0.0,0.0,5.867204135288222,0.08,15.0,False,1198.5288666346266,1466.8010338220554,1466.8010338220554,117.34408270576444,660.0604652199249,599.2644333173133,2026-01-03 08:45:00
0.8203453489768822,0.7097926133326338,0.4691989795020828,0.37672813735055344,0.48124828388860585,22.88946336916775,3.2951215304872736,0.7216302046132578,0.28949570006185826,0.341682074814449,4.647929509976839,1.2276271735899191,0.9098757493650368,0.1481193080361688,5.7059245673780445,0.0,0.0,0.0,0.0,0.0,0.0,0.0,0.0,5.7059245673780445,0.08,15.0,False,1161.9823774942097,1426.481141844511,1426.481141844511,114.11849134756089,641.91651383003,580.9911887471048,2026-01-03 09:00:00
0.7899297957444829,0.7342971913686916,0.48183988611040834,0.38190567620112154,0.5742160026514359,23.627886671389543,3.732275081395603,0.7772873152410987,0.28813410900430286,0.34676758615778497,5.14446409179879,1.228129131374461,1.00929782719828,0.16430429745088282,6.318066216447953,0.0,0.0,0.0,0.0,0.0,0.0,0.0,0.0,6.318066216447953,0.08,15.0,False,1286.1160229496975,1579.5165541119882,1579.5165541119882,126.36132432895906,710.7824493503947,643.0580114748487,2026-01-03 09:15:00
0.690101780456519,0.734290670893191,0.480653086803428,0.3545836873298296,0.566460299544484,24.26710799034249,3.6958061522004693,0.7726441979143035,0.2789646115508031,0.3449893591960936,5.092404320861669,1.2305547591525678,1.0097071244652323,0.1643709272385261,6.266482372565427,0.0,0.0,0.0,0.0,0.0,0.0,0.0,0.0,6.266482372565427,0.08,15.0,False,1273.1010802154171,1566.6205931413567,1566.6205931413567,125.32964745130855,704.9792669136106,636.5505401077086,2026-01-03 09:30:00
0.6635903006045978,0.8500234116174153,0.468018081331443,0.3988941072787217,0.5863636590092282,24.659323811234007,3.7893958883024648,0.7845597691936308,0.2814289966618743,0.3661353923345628,5.221520046492532,1.2314732669821458,1.0394323812459776,0.16920992252841494,6.430162350266925,0.0,0.0,0.0,0.0,0.0,0.0,0.0,0.0,6.430162350266925,0.08,15.0,False,1305.3800116231332,1607.5405875667313,1607.5405875667313,128.60324700533852,723.3932644050291,652.6900058115666,2026-01-03 09:45:00
0.6967487028465533,0.7813273215263741,0.46574779583233156,0.41158946737383956,0.584578586495393,24.933796132052084,3.7810021060473287,0.7834910974040745,0.2824992629487785,0.35546804020688944,5.202460506607071,1.2324982554891726,1.0402241731522166,0.1693388188852445,6.412023498644532,0.0,0.0,0.0,0.0,0.0,0.0,0.0,0.0,6.412023498644532,0.08,15.0,False,1300.615126651768,1603.005874661133,1603.005874661133,128.24046997289065,721.3526435975099,650.307563325884,2026-01-03 10:00:00
0.775630252418692,0.9134826180008127,0.5209227028843555,0.44552780883685167,0.6396690201148549,25.540491048655316,4.040048783736231,0.8164721622220276,0.2951559823083912,0.38253162030777577,5.534208548574426,1.2336363266694064,1.1119732544277658,0.18101890188358993,6.827200704885782,0.0,0.0,0.0,0.0,0.0,0.0,0.0,0.0,6.827200704885782,0.08,15.0,False,1383.5521371436066,1706.8001762214456,1706.8001762214456,136.54401409771566,768.0600792996505,691.7760685718033,2026-01-03 10:15:00
0.7109384843745029,0.8509364815225426,0.5367944452632923,0.4567700595562525,0.6227401587602921,25.965561143734874,3.9604457564439155,0.8063373377716399,0.28864059988996715,0.3738198961449462,5.4292435902504685,1.235404986342577,1.0991410713635537,0.17892994184988087,6.707314603463903,0.0,0.0,0.0,0.0,0.0,0.0,0.0,0.0,6.707314603463903,0.08,15.0,False,1357.3108975626171,1676.8286508659758,1676.8286508659758,134.14629206927808,754.5728928896891,678.6554487813086,2026-01-03 10:30:00
0.6583152028480455,0.7382857492113484,0.5771082161935969,0.4690496975134815,0.5399495602289781,26.45812504932733,3.571147141705183,0.7567729775536842,0.2821509705599905,0.3582978602275125,4.96836895004637,1.2387003911866752,1.0199183862647871,0.16603322567101197,6.1543205619821695,0.0,0.0,0.0,0.0,0.0,0.0,0.0,0.0,6.1543205619821695,0.08,15.0,False,1242.0922375115927,1538.5801404955423,1538.5801404955423,123.08641123964338,692.3610632229941,621.0461187557963,2026-01-03 10:45:00
0.515392739048956,0.7514965253151568,0.6266068476086032,0.476117617099763,0.6261500708704131,27.033575641899862,3.9764798724474235,0.8083787544920865,0.27195623766882787,0.36373521354289534,5.4205500781512335,1.2391675839512817,1.1149210846553905,0.1814987812229707,6.716969944029595,0.0,0.0,0.0,0.0,0.0,0.0,0.0,0.0,6.716969944029595,0.08,15.0,False,1355.1375195378084,1679.2424860073986,1679.2424860073986,134.3393988805919,755.6591187033293,677.5687597689042,2026-01-03 11:00:00
0.520775756219405,0.6840539429591699,0.6295485158608246,0.4877739084175955,0.6722035681009648,27.178617023541385,4.193032995552901,0.8359496643118572,0.2708391750796254,0.35350611392863523,5.653327948873018,1.2390855695944485,1.162401054174048,0.18922807858647284,7.004957081633539,0.0,0.0,0.0,0.0,0.0,0.0,0.0,0.0,7.004957081633539,0.08,15.0,False,1413.3319872182547,1751.2392704083848,1751.2392704083848,140.09914163267078,788.0576716837732,706.6659936091273,2026-01-03 11:15:00
0.46177508625464037,0.6598298357675225,0.7248525427837264,0.5309539847775804,0.6469741274713073,27.703131012356568,4.074398917988601,0.8208455207780609,0.26856204792304067,0.35763326382217075,5.521439750511874,1.2412382134128588,1.1455047443569935,0.18647751652323152,6.853422011392099,0.0,0.0,0.0,0.0,0.0,0.0,0.0,0.0,6.853422011392099,0.08,15.0,False,1380.3599376279685,1713.3555028480248,1713.3555028480248,137.068440227842,771.0099762816112,690.1799688139843,2026-01-03 11:30:00
0.44248910716546686,0.7199583449244208,0.9412242907461846,0.540104595318042,0.6464563297946592,27.770868310554377,4.071964125611085,0.8205355301387771,0.27334726922064,0.3804334455404041,5.546280370510905,1.2414121708963126,1.1514880427943928,0.18745154185025004,6.885219955155548,0.0,0.0,0.0,0.0,0.0,0.0,0.0,0.0,6.885219955155548,0.08,15.0,False,1386.5700926277261,1721.304988788887,1721.304988788887,137.70439910311094,774.5872449549992,693.2850463138631,2026-01-03 11:45:00
0.3996071507122221,0.8714177149227813,0.8019958706616552,0.49090421507228266,0.655997509104764,27.984944991066385,4.116828735292494,0.8262475609323614,0.2699243920471417,0.39442058001048913,5.607421268282486,1.2420128865209277,1.1670786580852621,0.18998954899062404,6.964489475358373,0.0,0.0,0.0,0.0,0.0,0.0,0.0,0.0,6.964489475358373,0.08,15.0,False,1401.8553170706216,1741.122368839593,1741.122368839593,139.28978950716746,783.5050659778169,700.9276585353108,2026-01-03 12:00:00
0.41029191822890276,0.7278780979609225,0.872471689284815,0.48846053902743114,0.6175514191474482,28.726829070498347,3.9360472235264847,0.8032309879709328,0.2678556506661221,0.3745973729460122,5.381731235109552,1.2452059697871234,1.134884058909274,0.18474856772941672,6.701363861748242,0.0,0.0,0.0,0.0,0.0,0.0,0.0,0.0,6.701363861748242,0.08,15.0,False,1345.432808777388,1675.3409654370605,1675.3409654370605,134.02727723496486,753.9034344466772,672.716404388694,2026-01-03 12:15:00
0.30947494650631213,0.8055969736939658,0.8677105210586779,0.5001985577211069,0.6643718035775943,28.97330876046781,4.156206409756992,0.8312610111934512,0.2621343632277581,0.3878820916345894,5.63748387581279,1.2454026709858521,1.1897700966571536,0.19368350410697843,7.020937476576922,0.0,0.0,0.0,0.0,0.0,0.0,0.0,0.0,7.020937476576922,0.08,15.0,False,1409.3709689531975,1755.2343691442304,1755.2343691442304,140.41874953153842,789.8554661149037,704.6854844765987,2026-01-03 12:30:00
0.24453391905860333,0.8697881983672286,0.9654678821277258,0.5114789073475168,0.6569742585555562,29.10876509664006,4.121421614374005,0.8268323128544465,0.2609900107629715,0.40473834522884594,5.613982283220269,1.2459308914638905,1.1873604341143693,0.19329123346047883,6.994633950795117,0.0,0.0,0.0,0.0,0.0,0.0,0.0,0.0,6.994633950795117,0.08,15.0,False,1403.4955708050672,1748.6584876987793,1748.6584876987793,139.89267901590233,786.8963194644507,701.7477854025336,2026-01-03 12:45:00
0.419255074698609,0.9320281280064877,1.0,0.4857382802375064,0.7429680021700618,29.812585807002975,4.525782083548082,0.8783143042956337,0.27710203141971596,0.4153595732812564,6.096557992544688,1.247570052774868,1.298019658205026,0.2113055257543066,7.605883176504021,0.0,0.0,0.0,0.0,0.0,0.0,0.0,0.0,7.605883176504021,0.08,15.0,False,1524.139498136172,1901.470794126005,1901.470794126005,152.11766353008042,855.6618573567023,762.069749068086,2026-01-03 13:00:00
0.3417956155632462,0.9138802478970619,1.0,0.4968234517339325,0.7242112147100308,30.410441212443576,4.437583767499224,0.8670851528377062,0.27053244912302155,0.4130594089678958,5.988260778427848,1.2497949754207462,1.2864202104059468,0.20941724355445657,7.484098232388251,0.0,0.0,0.0,0.0,0.0,0.0,0.0,0.0,7.484098232388251,0.08,15.0,False,1497.065194606962,1871.0245580970627,1871.0245580970627,149.68196464776503,841.9610511436782,748.532597303481,2026-01-03 13:15:00
0.2927776616216947,0.9571515698115508,1.0,0.5021876351061215,0.7271435745420182,30.152583648892822,4.451372333360075,0.8688406726863314,0.26794828587357566,0.42053341580682596,6.008694707726808,1.248865159725325,1.286005100634067,0.20934966754508078,7.504049475905956,0.0,0.0,0.0,0.0,0.0,0.0,0.0,0.0,7.504049475905956,0.08,15.0,False,1502.173676931702,1876.012368976489,1876.012368976489,150.0809895181191,844.20556603942,751.086838465851,2026-01-03 13:30:00
0.44181155880520684,0.770252014952696,1.0,0.5438746014265312,0.590800759344114,29.899852410621932,3.8102600569939677,0.7872161340855734,0.276075752796722,0.39230962673129743,5.26586157060756,1.249669086301543,1.1306616483546377,0.18406119856935965,6.580584417531558,0.0,0.0,0.0,0.0,0.0,0.0,0.0,0.0,6.580584417531558,0.08,15.0,False,1316.4653926518902,1645.1461043828895,1645.1461043828895,131.61168835063117,740.3157469723003,658.2326963259451,2026-01-03 13:45:00
0.631992926369803,0.7473734606666183,1.0,0.5106743413961827,0.582843478153478,30.748060570532786,3.77284326572111,0.7824523377332729,0.2900033245706981,0.386457949723367,5.231756877748447,1.252749679978692,1.1371993938564264,0.18512548272081375,6.554081754325687,0.0,0.0,0.0,0.0,0.0,0.0,0.0,0.0,6.554081754325687,0.08,15.0,False,1307.939219437112,1638.5204385814218,1638.5204385814218,131.08163508651376,737.3341973616398,653.969609718556,2026-01-03 14:00:00
0.5295392897640104,0.6952023131977034,1.0,0.4869401124445115,0.5578941101920708,31.014134047116844,3.655526148098037,0.7675158656846769,0.2792083351824738,0.37636628035294195,5.078616629318129,1.254220411200145,1.1103356867365077,0.18075232109664086,6.369704637151278,0.0,0.0,0.0,0.0,0.0,0.0,0.0,0.0,6.369704637151278,0.08,15.0,False,1269.6541573295324,1592.4261592878195,1592.4261592878195,127.39409274302557,716.5917716795187,634.8270786647662,2026-01-03 14:15:00
0.5035480471656278,0.725487516205518,1.0,0.47132151212021345,0.528427451748129,30.4537207333778,3.516967791029666,0.7498750211993868,0.27744650650505065,0.38038503132790186,4.924674350062005,1.2528625361145103,1.0709284552974903,0.17433719039726592,6.169939995756761,0.0,0.0,0.0,0.0,0.0,0.0,0.0,0.0,6.169939995756761,0.08,15.0,False,1231.1685875155013,1542.4849989391903,1542.4849989391903,123.39879991513523,694.1182495226357,615.5842937577506,2026-01-03 14:30:00
0.5334334827647245,0.7000274553300037,1.0,0.45499643632027664,0.49036294311548173,30.841309524458005,3.3379805540211636,0.7270868900485481,0.2786182329746497,0.37516343430055754,4.71884911134492,1.2551220670020968,1.035338983675298,0.16854355548202538,5.922731650502243,0.0,0.0,0.0,0.0,0.0,0.0,0.0,0.0,5.922731650502243,0.08,15.0,False,1179.71227783623,1480.6829126255607,1480.6829126255607,118.45463301004486,666.3073106815024,589.856138918115,2026-01-03 14:45:00
0.6514376840814851,0.7097393165511041,1.0,0.4335033402212766,0.4740047963694034,30.740896643798237,3.2610611455265794,0.7172937360889937,0.28794125807791476,0.3754206689273914,4.641716808620879,1.2551372952113613,1.0184765616522329,0.1657985100364101,5.825991880309522,0.0,0.0,0.0,0.0,0.0,0.0,0.0,0.0,5.825991880309522,0.08,15.0,False,1160.4292021552199,1456.4979700773806,1456.4979700773806,116.51983760619045,655.4240865348213,580.2146010776099,2026-01-03 15:00:00
0.5797269017057792,0.8529255691792603,1.0,0.3751661872474361,0.4985947325713953,30.65923486113707,3.3766881402550752,0.7320150266373535,0.2843493461328987,0.39539133109514313,4.788443844120471,1.254167200037255,1.046676213380328,0.1703891510154023,6.005509208516202,0.0,0.0,0.0,0.0,0.0,0.0,0.0,0.0,6.005509208516202,0.08,15.0,False,1197.1109610301178,1501.3773021290503,1501.3773021290503,120.11018417032403,675.6197859580727,598.5554805150589,2026-01-03 15:15:00
0.5756261563321524,0.813472523955541,1.0,0.5656800433691044,0.6780081544445505,30.45361483271839,4.220327367894402,0.8394247039124091,0.289130599920617,0.40080404268382347,5.7496867144112525,1.2503450787169037,1.2378889648804654,0.20151680823635476,7.189092487528073,0.0,0.0,0.0,0.0,0.0,0.0,0.0,0.0,7.189092487528073,0.08,15.0,False,1437.421678602813,1797.2731218820181,1797.2731218820181,143.78184975056146,808.7729048469082,718.7108393014065,2026-01-03 15:30:00
0.6431662963568081,0.8255528589300191,1.0,0.4649491655664159,0.5545045555419925,30.250218288708698,3.6395877571060016,0.7654866363925201,0.29173970958193185,0.3964937908899976,5.093307893970451,1.251492316141877,1.1015979072073674,0.17932989187096693,6.374235693048785,0.0,0.0,0.0,0.0,0.0,0.0,0.0,0.0,6.374235693048785,0.08,15.0,False,1273.3269734926128,1593.5589232621962,1593.5589232621962,127.4847138609757,717.1015154679883,636.6634867463064,2026-01-03 15:45:00
0.6808568613628062,0.7906882976024552,1.0,0.42240306543856077,0.534866676569764,30.854381333095517,3.547246365499757,0.7537300006807007,0.29241029440901245,0.3880800111562351,4.9814666717457055,1.254035027610565,1.0883016402083052,0.1771653832897242,6.246933695243735,0.0,0.0,0.0,0.0,0.0,0.0,0.0,0.0,6.246933695243735,0.08,15.0,False,1245.3666679364264,1561.7334238109338,1561.7334238109338,124.9386739048747,702.7800407149202,622.6833339682132,2026-01-03 16:00:00
0.6642212255014969,0.78751658079416,1.0,0.45369004771961635,0.6088752521952686,31.062744176774228,3.89525008187461,0.7980368153020845,0.29197572828238993,0.3895145263751331,5.374777151834217,1.2534021489197196,1.1713028690058847,0.19067721123351622,6.736757232073618,0.0,0.0,0.0,0.0,0.0,0.0,0.0,0.0,6.736757232073618,0.08,15.0,False,1343.6942879585542,1684.1893080184045,1684.1893080184045,134.73514464147237,757.8851886082821,671.8471439792771,2026-01-03 16:15:00
0.6700764083310954,0.7807124653147876,1.0,0.4662726976590348,0.4767096921333097,30.78780350385979,3.273780128026786,0.7189130797146298,0.29267256202914177,0.3891794142439165,4.674545184014474,1.2551435238149073,1.0257047402140533,0.16697519026740393,5.867225114495931,0.0,0.0,0.0,0.0,0.0,0.0,0.0,0.0,5.867225114495931,0.08,15.0,False,1168.6362960036186,1466.8062786239827,1466.8062786239827,117.34450228991862,660.0628253807922,584.3181480018093,2026-01-03 16:30:00
0.5987255669010938,0.8055785852920168,1.0,0.5076603750688584,0.48660634153281407,30.60606990192143,3.320316232006331,0.7248379202700742,0.28888697992764073,0.39587129203181554,4.729912424235861,1.2542473999791945,1.034208424952481,0.1683595110387761,5.932480360227118,0.0,0.0,0.0,0.0,0.0,0.0,0.0,0.0,5.932480360227118,0.08,15.0,False,1182.4781060589653,1483.1200900567796,1483.1200900567796,118.64960720454238,667.4040405255508,591.2390530294826,2026-01-03 16:45:00
0.6153813357238299,0.8702957809864394,1.0,0.5247656607554295,0.5465086185561674,30.1650413639841,3.6019891982437593,0.760699697922742,0.2927511825474002,0.4076178501001772,5.063057928814079,1.2513067981538797,1.0942475541837766,0.1781333227741031,6.335438805771958,0.0,0.0,0.0,0.0,0.0,0.0,0.0,0.0,6.335438805771958,0.15,15.0,False,1265.7644822035197,1583.8597014429895,1583.8597014429895,237.5789552164484,712.7368656493453,632.8822411017599,2026-01-03 17:00:00
0.6272912196993028,0.9464488489762588,1.0,0.5540828476917526,0.6699966975841637,29.43514404240557,4.182655831353835,0.83462847413822,0.2969668085319857,0.4220150969544949,5.736266210978536,1.246807259032839,1.2175468409282988,0.1982052996860022,7.152018351592837,0.0,0.0,0.0,0.0,0.0,0.0,0.0,0.0,7.152018351592837,0.15,15.0,False,1434.066552744634,1788.0045878982091,1788.0045878982091,268.20068818473135,804.6020645541942,717.033276372317,2026-01-03 17:15:00
0.6676135538101173,0.9090305877889456,1.0,0.5699263870396265,0.6569523909367119,28.68573525934767,4.121318788281735,0.826819221337333,0.29970741667363454,0.4168337004906263,5.664679126783328,1.2443353210683128,1.1903098261447536,0.1937713670468204,7.048760319974902,0.0,0.0,0.0,0.0,0.0,0.0,0.0,0.0,7.048760319974902,0.15,15.0,False,1416.1697816958322,1762.1900799937255,1762.1900799937255,264.32851199905883,792.9855359971765,708.0848908479161,2026-01-03 17:30:00
0.6478453196926821,0.902251602166027,1.0,0.6087893635529404,0.6941213636372587,28.51061195831962,4.296095029066027,0.8490712207737721,0.2991571775511574,0.41814719314609244,5.8624706205370485,1.2433375584048494,1.2268409868386168,0.19971830018303072,7.289029907558696,0.0,0.0,0.0,0.0,0.0,0.0,0.0,0.0,7.289029907558696,0.15,15.0,False,1465.6176551342621,1822.257476889674,1822.257476889674,273.3386215334511,820.0158646003533,732.8088275671311,2026-01-03 17:45:00
0.6940500160499276,0.8815918029777617,1.0,0.615850910020673,0.6575246663117428,28.215132471725187,4.124009746128408,0.8271618262143972,0.30259163435526,0.41518087112906243,5.668944077827128,1.2426788434463751,1.1831302014375675,0.19260259093169707,7.044676870196392,0.0,0.0,0.0,0.0,0.0,0.0,0.0,0.0,7.044676870196392,0.15,15.0,False,1417.2360194567818,1761.169217549098,1761.169217549098,264.1753826323647,792.5261478970941,708.6180097283909,2026-01-03 18:00:00
0.7612126020177507,0.7704228322510944,0.9086368732732834,0.6315963083913103,0.6314675986230145,27.818907949802373,4.001483993985928,0.8115622060635741,0.30354230510606894,0.392629670025343,5.509218175180914,1.2416750763095574,1.1450390216878497,0.18640170120499877,6.840658898073762,0.0,0.0,0.0,0.0,0.0,0.0,0.0,0.0,6.840658898073762,0.15,15.0,False,1377.3045437952285,1710.1647245184406,1710.1647245184406,256.52470867776606,769.5741260332983,688.6522718976142,2026-01-03 18:15:00
0.755545534870266,0.8313857341543389,0.9763743188692072,0.6424476126107443,0.6542821037951443,27.360520743700224,4.108762542722358,0.8252205969027002,0.3065874437721821,0.4072188188631048,5.647789402260345,1.2397346312528292,1.1644148103802876,0.18955589936423278,7.001760112004866,0.0,0.0,0.0,0.0,0.0,0.0,0.0,0.0,7.001760112004866,0.15,15.0,False,1411.9473505650863,1750.4400280012164,1750.4400280012164,262.5660042001825,787.6980126005474,705.9736752825431,2026-01-03 18:30:00
0.7578467709808436,0.867884817921893,0.8654839337014889,0.6369157141889076,0.6454924905978768,27.275364532542692,4.067431953229262,0.819958507216018,0.30548212753024767,0.40658579239950415,5.599458380375031,1.2395481533293469,1.1535523266105017,0.18778758805287232,6.940798295038405,0.0,0.0,0.0,0.0,0.0,0.0,0.0,0.0,6.940798295038405,0.15,15.0,False,1399.8645950937578,1735.1995737596012,1735.1995737596012,260.27993606394017,780.8398081918206,699.9322975468789,2026-01-03 18:45:00
0.7346829849763419,0.8490717471644111,0.875900029726819,0.6454316962656833,0.668331924274129,26.46979960518211,4.174827720977204,0.8336318220366098,0.30349782217465937,0.4046076517652633,5.716565016953736,1.2364687826922431,1.1625386868364962,0.18925048390361576,7.068354187693848,0.0,0.0,0.0,0.0,0.0,0.0,0.0,0.0,7.068354187693848,0.15,15.0,False,1429.1412542384342,1767.088546923462,1767.088546923462,265.0632820385193,795.1898461155579,714.5706271192171,2026-01-03 19:00:00
0.7065379214859107,0.8812732608120153,0.850163049857205,0.6913909657329151,0.6214800828096866,25.830338955617485,3.954520617228371,0.8055829663885876,0.303138975592139,0.41133163632878195,5.47457419553788,1.234806888055737,1.105502248044661,0.17996548223982844,6.760041925822369,0.0,0.0,0.0,0.0,0.0,0.0,0.0,0.0,6.760041925822369,0.15,15.0,False,1368.64354888447,1690.0104814555923,1690.0104814555923,253.50157221833882,760.5047166550165,684.321774442235,2026-01-03 19:15:00
0.6320194044833768,0.8767899884280584,0.8916576946521404,0.6766598291225022,0.6215093898008268,25.449845849884632,3.954658424796566,0.805600511644831,0.2971880802969564,0.41203069371517054,5.469477710453525,1.233488929897334,1.098273748031558,0.17878874967955594,6.746540208164639,0.0,0.0,0.0,0.0,0.0,0.0,0.0,0.0,6.746540208164639,0.15,15.0,False,1367.3694276133813,1686.6350520411597,1686.6350520411597,252.99525780617395,758.985773418522,683.6847138066906,2026-01-03 19:30:00
0.6323770443399165,0.9210532390325924,0.8127715567250346,0.6757396285529613,0.6959382932610166,25.305406868446916,4.304638610078299,0.8501589645026517,0.29693966526957627,0.41478764113903877,5.866524880989566,1.2321125131295185,1.1710566967784701,0.19063713668486715,7.228218714452903,0.0,0.0,0.0,0.0,0.0,0.0,0.0,0.0,7.228218714452903,0.15,15.0,False,1466.6312202473914,1807.0546786132259,1807.0546786132259,271.0582017919839,813.1746053759516,733.3156101236957,2026-01-03 19:45:00
0.6009980609466952,0.8904105808712315,0.7176031461593778,0.6905671436873455,0.667483378075834,25.34718608925129,4.170837680255212,0.8331238217300536,0.29204131532590577,0.40524674195967714,5.701249559270848,1.2325716041583197,1.1403159299076193,0.18563282579891482,7.027198314977382,0.0,0.0,0.0,0.0,0.0,0.0,0.0,0.0,7.027198314977382,0.15,15.0,False,1425.312389817712,1756.7995787443456,1756.7995787443456,263.5199368116518,790.5598104349556,712.656194908856,2026-01-03 20:00:00
0.7102436536143824,0.8265613422594875,0.6558157864565866,0.6988136586393316,0.6828458734391523,24.90907280352906,4.243075328852569,0.8423209077222051,0.29821213122112517,0.3917149368908993,5.775323304686799,1.2308892309305786,1.146775562327341,0.18668439386724156,7.108783260881381,0.0,0.0,0.0,0.0,0.0,0.0,0.0,0.0,7.108783260881381,0.15,15.0,False,1443.8308261716998,1777.1958152203454,1777.1958152203454,266.5793722830518,799.7381168491554,721.9154130858499,2026-01-03 20:15:00
0.7608644101853256,0.8292555029932281,0.7079271386003797,0.678783515495477,0.6710705568869118,23.851127812201,4.187705341158091,0.8352713629474448,0.3028433968505627,0.3938703906593023,5.719690491615401,1.227296982151645,1.11805881332365,0.1820095742619896,7.01975887920104,0.0,0.0,0.0,0.0,0.0,0.0,0.0,0.0,7.01975887920104,0.15,15.0,False,1429.9226229038502,1754.93971980026,1754.93971980026,263.240957970039,789.7228739101171,714.9613114519251,2026-01-03 20:30:00
0.7232508790461135,0.6132826231637636,0.6731117435426136,0.6049786470369183,0.5313364699570453,23.98532890190008,3.5306465997237786,0.7516165670867834,0.2901894322467032,0.35164321379868113,4.924095812855946,1.2302255488820355,0.9749412886857443,0.15871137257674905,6.05774847411844,0.0,0.0,0.0,0.0,0.0,0.0,0.0,0.0,6.05774847411844,0.15,15.0,False,1231.0239532139867,1514.43711852961,1514.43711852961,227.1655677794415,681.4967033383246,615.5119766069934,2026-01-03 20:45:00
0.6186504243773561,0.6873628852238964,0.5801570448774724,0.5975716708255355,0.5186718423560018,24.171396965258797,3.47109488650113,0.7440346172569732,0.2816673678570321,0.3581127950954306,4.854909666710566,1.2311681624188189,0.9651784698720443,0.1571220764907979,5.977210213073408,0.0,0.0,0.0,0.0,0.0,0.0,0.0,0.0,5.977210213073408,0.15,15.0,False,1213.7274166776415,1494.302553268352,1494.302553268352,224.1453829902528,672.4361489707585,606.8637083388207,2026-01-03 21:00:00
0.09242007205892673,0.46893173277890127,0.5199909862257714,0.5279779303359832,0.3581240053375634,23.27075432401691,2.716165562890333,0.6479192253240863,0.22822930847542583,0.3143015112166485,3.906615607906494,1.233260225382935,0.7836819119788943,0.12757612520586648,4.817873645091255,0.0,0.0,0.0,0.0,0.0,0.0,0.0,0.0,4.817873645091255,0.15,15.0,False,976.6539019766235,1204.4684112728137,1204.4684112728137,180.67026169092205,542.0107850727662,488.32695098831175,2026-01-03 21:15:00
0.1544949483040739,0.4487535758661174,0.390411047845835,0.5418712025339493,0.3457963301789834,23.250375907547365,2.658198270138257,0.640538999271261,0.2306461954094986,0.3044709443095619,3.8338544091285787,1.233687583162213,0.7704947871159445,0.1254293839491073,4.7297785801936305,0.0,0.0,0.0,0.0,0.0,0.0,0.0,0.0,4.7297785801936305,0.15,15.0,False,958.4636022821446,1182.4446450484077,1182.4446450484077,177.36669675726114,532.1000902717834,479.2318011410723,2026-01-03 21:30:00
0.14727118619958662,0.5800762209841579,0.41979105780667597,0.523527960868103,0.4129806154108424,22.647862769321353,2.9741127536297864,0.680760306681646,0.2339299116061921,0.3266583592091243,4.215461331126749,1.2291161333590848,0.8306139724407511,0.13521622807175016,5.18129153163925,0.0,0.0,0.0,0.0,0.0,0.0,0.0,0.0,5.18129153163925,0.15,15.0,False,1053.8653327816871,1295.3228829098125,1295.3228829098125,194.29843243647187,582.8952973094157,526.9326663908436,2026-01-03 21:45:00
0.15844764577800502,0.6710933375273546,0.2926043382825401,0.5223213798626167,0.4642766503211543,21.942234058197535,3.2153173793533347,0.7114697736640098,0.23499803845788259,0.3343626514167188,4.496147842891945,1.2252781845844583,0.871080260356222,0.14180376331380362,5.509031866561971,0.0,0.0,0.0,0.0,0.0,0.0,0.0,0.0,5.509031866561971,0.08,15.0,False,1124.0369607229864,1377.2579666404927,1377.2579666404927,110.18063733123941,619.7660849882217,562.0184803614932,2026-01-03 22:00:00
0.04,0.6236330810433478,0.358502342891651,0.4773016108619955,0.49531502386111004,21.849567470047642,3.3612662677199023,0.7300515589633632,0.22362528716725574,0.3274648324199745,4.642407946270496,1.2245408029357037,0.8964726067171744,0.1459374010934935,5.684817954081164,0.0,0.0,0.0,0.0,0.0,0.0,0.0,0.0,5.684817954081164,0.08,15.0,False,1160.601986567624,1421.204488520291,1421.204488520291,113.69635908162329,639.542019834131,580.300993283812,2026-01-03 22:15:00
0.10242177874766123,0.6213877530756764,0.34449211290111986,0.41957557029008025,0.48739181492594913,21.29693684006077,3.3240096912793176,0.7253081606945863,0.22652868548261829,0.3226853153540167,4.598531852810539,1.2247561851566415,0.8888516898407391,0.14469678671825992,5.632080329369538,0.0,0.0,0.0,0.0,0.0,0.0,0.0,0.0,5.632080329369538,0.08,15.0,False,1149.6329632026348,1408.0200823423845,1408.0200823423845,112.64160658739077,633.609037054073,574.8164816013174,2026-01-03 22:30:00
0.1356961390182886,0.7587309177134619,0.45957302069335826,0.40430069532849394,0.5217361602923964,21.022937197053164,3.485503946816189,0.7458691366434269,0.23513529786965048,0.3509330347248718,4.8174414160541374,1.2237312489689374,0.9269184789696915,0.15089370587878703,5.895253600902616,0.0,0.0,0.0,0.0,0.0,0.0,0.0,0.0,5.895253600902616,0.08,15.0,False,1204.3603540135343,1473.813400225654,1473.813400225654,117.90507201805232,663.2160301015443,602.1801770067672,2026-01-03 22:45:00
0.06904473838833329,0.7284620458504395,0.30368707107398296,0.3822038337080304,0.5246972102279099,20.3792454512076,3.4994274195113606,0.7476418324353488,0.22491250405203506,0.3356893682028623,4.807671124201607,1.2237743450902983,0.9252167732158674,0.15061668401188544,5.88350458142936,0.0,0.0,0.0,0.0,0.0,0.0,0.0,0.0,5.88350458142936,0.08,15.0,False,1201.9177810504018,1470.87614535734,1470.87614535734,117.6700916285872,661.894265410803,600.9588905252009,2026-01-03 23:00:00
0.06252133704219232,0.8897114179982122,0.26746536833618834,0.3504918485218944,0.5583820037543419,19.98816243011548,3.657820325109696,0.7678079535871368,0.22740201654957176,0.3582454096245304,5.011275704870935,1.2229274111676436,0.9607496187993997,0.15640110073478597,6.128426424405121,0.0,0.0,0.0,0.0,0.0,0.0,0.0,0.0,6.128426424405121,0.08,15.0,False,1252.8189262177339,1532.1066061012802,1532.1066061012802,122.56852848810242,689.4479727455762,626.4094631088669,2026-01-03 23:15:00
0.11016826506979077,0.8496757490278263,0.351943945887967,0.3327972598947801,0.5479581548489088,19.30664822077544,3.608805219395778,0.7615674937864868,0.2312360822027353,0.35533920431185173,4.956947999696852,1.2231428866330214,0.9512526095662375,0.1548550759758991,6.0630556852389885,0.0,0.0,0.0,0.0,0.0,0.0,0.0,0.0,6.0630556852389885,0.08,15.0,False,1239.236999924213,1515.763921309747,1515.763921309747,121.26111370477976,682.0937645893862,619.6184999621065,2026-01-03 23:30:00
0.14079151706014909,0.849787234338826,0.3540080097490659,0.37431790145148996,0.4562033530625383,19.463591157116156,3.1773550563974915,0.70663652181451,0.23518046096402337,0.3580731137094952,4.47724515288552,1.225377530518198,0.8678005922304429,0.14126986385146745,5.4863156089674305,0.0,0.0,0.0,0.0,0.0,0.0,0.0,0.0,5.4863156089674305,0.08,15.0,False,1119.31128822138,1371.5789022418576,1371.5789022418576,109.72631217934861,617.210506008836,559.65564411069,2026-01-03 23:45:00
0.14881740937319501,1.0,0.2351517357981391,0.2745825286997955,0.41091054076787636,19.359655605964342,2.964378832083034,0.67952101227984,0.23465881863325483,0.36985130877421807,4.248409971770347,1.2266536875700567,0.8281092963135886,0.1348084900975609,5.211327758181497,0.0,0.0,0.0,0.0,0.0,0.0,0.0,0.0,5.211327758181497,0.08,15.0,False,1062.1024929425869,1302.8319395453743,1302.8319395453743,104.22655516362995,586.2743727954185,531.0512464712934,2026-01-04 00:00:00
0.17189623470174237,0.8862550871747614,0.21821025739034353,0.2954493443705719,0.4287541031460813,19.090188943499157,3.048282973846329,0.6902034420360448,0.23353673742183792,0.3514291219894206,4.323452275293632,1.2262202366117727,0.8411250611591042,0.13692733553752856,5.301504671990265,0.0,0.0,0.0,0.0,0.0,0.0,0.0,0.0,5.301504671990265,0.08,15.0,False,1080.863068823408,1325.3761679975662,1325.3761679975662,106.0300934398053,596.4192755989048,540.431534411704,2026-01-04 00:15:00
0.18471700541552424,0.7806174752972508,0.18989213020527923,0.31016266909253987,0.4080742066222073,18.082930603883597,2.9510417989725966,0.6778229802594378,0.23137988634313422,0.33331216346552595,4.193556829040695,1.2269797593339935,0.8185931670358102,0.1332593527732715,5.1454093488497765,0.0,0.0,0.0,0.0,0.0,0.0,0.0,0.0,5.1454093488497765,0.08,15.0,False,1048.3892072601736,1286.3523372124441,1286.3523372124441,102.90818697699554,578.8585517455999,524.1946036300868,2026-01-04 00:30:00
0.22338775864643934,0.7683032909493096,0.18597388586460958,0.33754741706310487,0.43098442521846475,17.74151505870575,3.058770412137667,0.6915386719843566,0.23503394242261047,0.3327714034135817,4.318114429958216,1.2262505862222606,0.8401992921914497,0.13677662896139886,5.295090351111065,0.0,0.0,0.0,0.0,0.0,0.0,0.0,0.0,5.295090351111065,0.08,15.0,False,1079.5286074895541,1323.7725877777661,1323.7725877777661,105.90180702222129,595.6976644999947,539.7643037447771,2026-01-04 00:45:00
0.33962573741334673,0.7648717250640712,0.12085912495621821,0.3260862685949764,0.3483451409541459,17.739167456198274,2.6701833085557127,0.6420648992844102,0.24286131141925327,0.3277840709089861,3.8828935901683628,1.228973660650361,0.7646091089607385,0.1244712502959342,4.7719739494250355,0.0,0.0,0.0,0.0,0.0,0.0,0.0,0.0,4.7719739494250355,0.08,15.0,False,970.7233975420907,1192.9934873562588,1192.9934873562588,95.43947898850071,536.8470693103164,485.3616987710453,2026-01-04 01:00:00
0.17668563057582476,0.6739122253646226,0.11758071042131693,0.27455832833501437,0.3188025965590343,17.8137685159409,2.531268119960664,0.6243786240535284,0.22493556141347212,0.30936794413320134,3.689950249560866,1.2303379532817036,0.7309446058478387,0.11899098234732264,4.539885837756027,0.0,0.0,0.0,0.0,0.0,0.0,0.0,0.0,4.539885837756027,0.08,15.0,False,922.4875623902165,1134.9714594390068,1134.9714594390068,90.79771675512055,510.73715674755306,461.2437811951082,2026-01-04 01:15:00
0.19335977932920828,0.6860015105300118,0.03,0.26775720482552173,0.3028312273731949,16.92339997473276,2.4561674200040557,0.6148170227419798,0.22471149082137581,0.30595465749945083,3.601650591066862,1.2309945034591057,0.7154868813283485,0.1164746085883358,4.433612080983546,0.0,0.0,0.0,0.0,0.0,0.0,0.0,0.0,4.433612080983546,0.08,15.0,False,900.4126477667155,1108.4030202458866,1108.4030202458866,88.67224161967093,498.781359110649,450.20632388335775,2026-01-04 01:30:00
0.23089308892255156,0.6617918898370233,0.0706492067371268,0.2831259422267694,0.37684392722308985,16.675070709899927,2.804190529339831,0.6591263064183882,0.22840435594179953,0.305234883784455,3.9969560754844733,1.228212518381805,0.7844536541890799,0.1277017576586874,4.909111487332241,0.0,0.0,0.0,0.0,0.0,0.0,0.0,0.0,4.909111487332241,0.08,15.0,False,999.2390188711183,1227.27787183306,1227.27787183306,98.18222974664481,552.2750423248771,499.61950943555917,2026-01-04 01:45:00
0.26534619761175177,0.7564543720130041,0.11355101045505847,0.2580049305114255,0.4767636964518119,16.50244081056065,3.2740340675652817,0.7189454105534333,0.23408385868924672,0.32171965349615594,4.548782990304117,1.2250064331092063,0.8802146746470961,0.14329076098906224,5.572288425940275,0.0,0.0,0.0,0.0,0.0,0.0,0.0,0.0,5.572288425940275,0.08,15.0,False,1137.1957475760294,1393.0721064850688,1393.0721064850688,111.44576851880551,626.882447918281,568.5978737880147,2026-01-04 02:00:00
0.24636530224333003,0.761496881943388,0.09463566886107228,0.2519803545885699,0.4582495744046756,16.531212383987253,3.1869768147622612,0.7078615359282684,0.2320925452830208,0.32109851799456796,4.4480294139681185,1.2255329003582698,0.8627321981655675,0.14044477644555753,5.4512063885792434,0.0,0.0,0.0,0.0,0.0,0.0,0.0,0.0,5.4512063885792434,0.08,15.0,False,1112.0073534920296,1362.8015971448108,1362.8015971448108,109.02412777158486,613.2607187151649,556.0036767460148,2026-01-04 02:15:00
0.13830104241108868,0.7437611473779215,0.03,0.23491132405115042,0.38534977536158344,16.879335789818803,2.8441867965034406,0.6642185140914136,0.22079711983765923,0.313427813491261,4.0426302439237745,1.2279171897154921,0.7923910348584066,0.12899388939555456,4.964015168177736,0.0,0.0,0.0,0.0,0.0,0.0,0.0,0.0,4.964015168177736,0.08,15.0,False,1010.6575609809436,1241.0037920444338,1241.0037920444338,99.28030336355471,558.4517064199953,505.3287804904718,2026-01-04 02:30:00
0.178543041031283,0.7434774022033113,0.10135723636405497,0.2670109342453305,0.3959351428133264,17.049549916726335,2.8939613960179664,0.6705556704198483,0.22658610105384797,0.31944877264126714,4.11055194013293,1.2274880092616767,0.8041870989317043,0.13091417889585888,5.045653217960493,0.0,0.0,0.0,0.0,0.0,0.0,0.0,0.0,5.045653217960493,0.08,15.0,False,1027.6379850332326,1261.4133044901232,1261.4133044901232,100.91306435920986,567.6359870205555,513.8189925166163,2026-01-04 02:45:00
0.293503269513515,0.7652423400894158,0.11882016607570456,0.27994957146985777,0.4157490354422069,17.005907074333752,2.9871304404486296,0.6824176804668741,0.23749943933623918,0.3248422763538815,4.231889836605625,1.2267510698894066,0.8252435713698113,0.13434197673462045,5.191475384710056,0.0,0.0,0.0,0.0,0.0,0.0,0.0,0.0,5.191475384710056,0.08,15.0,False,1057.9724591514062,1297.8688461775141,1297.8688461775141,103.82950769420113,584.0409807798814,528.9862295757031,2026-01-04 03:00:00
0.17223266662250963,0.80629376969959,0.062304971552350395,0.2896833521720984,0.42857542755301187,17.33962449792246,3.047442804043193,0.690096474075743,0.2279073019836671,0.3290086150667742,4.294455195169378,1.226385995733976,0.8360958833242946,0.1361086321690712,5.2666597106627435,0.0,0.0,0.0,0.0,0.0,0.0,0.0,0.0,5.2666597106627435,0.08,15.0,False,1073.6137987923444,1316.6649276656858,1316.6649276656858,105.33319421325487,592.4992174495586,536.8068993961722,2026-01-04 03:15:00
0.2212016608520854,0.726419263818028,0.0569697914007713,0.2980791555141764,0.3469412574895092,17.61813448985575,2.66358195649723,0.6412244344613546,0.22974807605511607,0.31605380399127236,3.8506082710049734,1.2291952256038647,0.7589852869911796,0.12355574439391293,4.733149302390066,0.0,0.0,0.0,0.0,0.0,0.0,0.0,0.0,4.733149302390066,0.08,15.0,False,962.6520677512433,1183.2873255975164,1183.2873255975164,94.66298604780131,532.4792965188824,481.32603387562165,2026-01-04 03:30:00
0.17878264583819156,0.6693123609448102,0.03,0.2916289294738986,0.3207133724337213,18.235682320107546,2.5402529855648237,0.6255225508450825,0.22380014476561821,0.304695238776059,3.6942709199515837,1.230306345720886,0.7317000706822075,0.119113964994778,4.545084955628569,0.0,0.0,0.0,0.0,0.0,0.0,0.0,0.0,4.545084955628569,0.08,15.0,False,923.567729987896,1136.2712389071423,1136.2712389071423,90.9016991125714,511.3220575082141,461.783864993948,2026-01-04 03:45:00
0.15640511186191328,0.7735920709542647,0.03,0.2912416022967885,0.41056748195009674,18.4279494893992,2.9627656981656005,0.6793156327908397,0.22503945482328122,0.3218737360325213,4.188994521812242,1.2270072310861269,0.8178015607911339,0.13313048664041716,5.139926569243793,0.0,0.0,0.0,0.0,0.0,0.0,0.0,0.0,5.139926569243793,0.08,15.0,False,1047.2486304530605,1284.9816423109482,1284.9816423109482,102.79853138487586,578.2417390399268,523.6243152265303,2026-01-04 04:00:00
0.07088444891071514,0.7433481142262961,0.03,0.2612232002142766,0.36324234271621336,18.434378386054355,2.7402330498589205,0.6509834273235016,0.216086977127943,0.315006109921773,3.922309564232138,1.2287068231448557,0.7714707054505455,0.12558825437567023,4.819368524058354,0.0,0.0,0.0,0.0,0.0,0.0,0.0,0.0,4.819368524058354,0.08,15.0,False,980.5773910580346,1204.8421310145884,1204.8421310145884,96.38737048116707,542.1789589565648,490.2886955290173,2026-01-04 04:15:00
0.04428586132076988,0.6558021288805369,0.1036039227769728,0.21248986171377113,0.3141292373957327,18.726682376243197,2.5092930131161135,0.6215808177674661,0.2111371180425792,0.30170144071698407,3.643712389643143,1.2306792330942484,0.7228547505066468,0.11767402915224479,4.4842411693020345,0.0,0.0,0.0,0.0,0.0,0.0,0.0,0.0,4.4842411693020345,0.08,15.0,False,910.9280974107858,1121.0602923255087,1121.0602923255087,89.6848233860407,504.4771315464789,455.4640487053929,2026-01-04 04:30:00
0.12401334749201542,0.7203387406664857,0.05589911671630743,0.21978009525151532,0.36147438746647265,18.154643454242887,2.7319197565399476,0.64992500314972,0.21893451163291042,0.3100903437933989,3.9108696151159767,1.2287838542728358,0.7694796887300894,0.12526413537466574,4.805613439220732,0.0,0.0,0.0,0.0,0.0,0.0,0.0,0.0,4.805613439220732,0.08,15.0,False,977.7174037789941,1201.403359805183,1201.403359805183,96.11226878441465,540.6315119123324,488.85870188949707,2026-01-04 04:45:00
0.14067447274441386,0.7655276977852822,0.10586985786572939,0.231501376622287,0.3929375112948157,18.547801408975154,2.8798659091105727,0.6687610742818827,0.22303112811050402,0.321121083188283,4.092779194691243,1.2275991556347199,0.801101256463525,0.1304118324475506,5.0242922836023185,0.0,0.0,0.0,0.0,0.0,0.0,0.0,0.0,5.0242922836023185,0.08,15.0,False,1023.1947986728107,1256.0730709005795,1256.0730709005795,100.48584567204637,565.2328819052608,511.5973993364054,2026-01-04 05:00:00
0.22659748722609407,0.6632912186004161,0.06299891440887521,0.26307066343785906,0.36488807520268374,19.3616117010145,2.7479716263226615,0.6519686802293729,0.22728017292505592,0.30379210064647544,3.931012580123566,1.228648448430047,0.7729851373956541,0.12583478980859486,4.829832507327815,0.0,0.0,0.0,0.0,0.0,0.0,0.0,0.0,4.829832507327815,0.08,15.0,False,982.7531450308915,1207.4581268319537,1207.4581268319537,96.5966501465563,543.3561570743792,491.37657251544573,2026-01-04 05:15:00
0.26096535240871543,0.7111397978555217,0.08682753388916256,0.30164695809169534,0.4076152709122691,19.374319492041483,2.948883787805839,0.6775482285938165,0.23328693088869043,0.3154549089346298,4.175173856222976,1.227090780978253,0.8154034028875072,0.13274008884215238,5.123317347952636,0.0,0.0,0.0,0.0,0.0,0.0,0.0,0.0,5.123317347952636,0.08,15.0,False,1043.793464055744,1280.829336988159,1280.829336988159,102.46634695905271,576.3732016446716,521.896732027872,2026-01-04 05:30:00
0.24363987100065188,0.7774235137019898,0.07841345636039217,0.3388946800659953,0.45902049290515995,19.917447099098094,3.190601833902586,0.7083230627554025,0.23489024434062541,0.32824164282128676,4.462056783819901,1.2254580264008736,0.8651656039050514,0.14084091226361306,5.468063299988565,0.0,0.0,0.0,0.0,0.0,0.0,0.0,0.0,5.468063299988565,0.08,15.0,False,1115.5141959549753,1367.0158249971414,1367.0158249971414,109.36126599977132,615.1571212487137,557.7570979774877,2026-01-04 05:45:00
0.3157570167327517,0.8984119611386061,0.13910072885117344,0.3189090482851138,0.471221850333833,19.863886546939852,3.2479751544145525,0.7156276660010722,0.24498456018262627,0.350402404713991,4.558989785312242,1.2249545675210654,0.8819863949195682,0.14357918056830188,5.584555360800112,0.0,0.0,0.0,0.0,0.0,0.0,0.0,0.0,5.584555360800112,0.08,15.0,False,1139.7474463280605,1396.1388402000282,1396.1388402000282,111.69110721600225,628.2624780900127,569.8737231640303,2026-01-04 06:00:00
0.29477483149381656,0.8298604617839586,0.09964472987936156,0.3167073262032684,0.512326164031466,20.26630639811114,3.441256187118072,0.7402356413843009,0.2403594437833116,0.3367114201495468,4.7585626924352304,1.2239947068812815,0.9166678557026788,0.14922499976555237,5.824455547903462,0.0,0.0,0.0,0.0,0.0,0.0,0.0,0.0,5.824455547903462,0.08,15.0,False,1189.6406731088075,1456.1138869758654,1456.1138869758654,116.48911095806923,655.2512491391394,594.8203365544038,2026-01-04 06:15:00
0.3076631664144283,0.7154688885716557,0.03899878235845715,0.33503235673633874,0.4582241388382839,20.692829962200904,3.186857211438489,0.7078463083831442,0.23742656132668422,0.31553736694900775,4.4476674480973255,1.22553483917603,0.8626694078489806,0.1404345547661131,5.450771410712419,0.0,0.0,0.0,0.0,0.0,0.0,0.0,0.0,5.450771410712419,0.08,15.0,False,1111.9168620243313,1362.6928526781048,1362.6928526781048,109.01542821424839,613.2117837051472,555.9584310121656,2026-01-04 06:30:00
0.25222288075778626,0.753392498505912,0.05809236753507993,0.39894538906225085,0.44177180945857103,20.94559506092435,3.109494936610569,0.6979967699782236,0.23646537482941726,0.3268789423135895,4.370836023731799,1.2259540627835948,0.84934301529786,0.138265142025233,5.358444181054892,0.0,0.0,0.0,0.0,0.0,0.0,0.0,0.0,5.358444181054892,0.08,15.0,False,1092.7090059329498,1339.611045263723,1339.611045263723,107.16888362109785,602.8249703686754,546.3545029664749,2026-01-04 06:45:00
0.6569703208556321,0.7369283078156066,0.18263141295515992,0.436873805522045,0.4878636035650191,20.808658848465043,3.3262281395922613,0.7255906070407708,0.27311901389383314,0.33362064915765477,4.658558409684519,1.2244627788888918,0.8992787509784431,0.1463942152755605,5.704231375938523,0.0,0.0,0.0,0.0,0.0,0.0,0.0,0.0,5.704231375938523,0.08,15.0,False,1164.63960242113,1426.0578439846308,1426.0578439846308,114.08462751877047,641.7260297930839,582.319801210565,2026-01-04 07:00:00
0.6025237063860872,0.7137189521226331,0.2911321783452633,0.4659435853893535,0.4605258547883769,20.906636805922396,3.197680358592744,0.7092242798013201,0.2710435741366444,0.3377829650377301,4.515731177568439,1.2251762382963183,0.8744784093611477,0.14235695036111706,5.532566537290704,0.0,0.0,0.0,0.0,0.0,0.0,0.0,0.0,5.532566537290704,0.08,15.0,False,1128.9327943921096,1383.1416343226758,1383.1416343226758,110.65133074581406,622.4137354452041,564.4663971960548,2026-01-04 07:15:00
0.6722418412002775,0.7881772639360205,0.5389439230723174,0.4616459756405507,0.5201157709859588,21.013295368303474,3.4778845392563436,0.7448990559736125,0.2837832100016052,0.3638940605840176,4.870460865815579,1.2235016985570306,0.9361583975881818,0.15239787867714583,5.959017142080906,0.0,0.0,0.0,0.0,0.0,0.0,0.0,0.0,5.959017142080906,0.08,15.0,False,1217.6152164538946,1489.7542855202266,1489.7542855202266,119.18034284161813,670.389428484102,608.8076082269473,2026-01-04 07:30:00
0.5963318205821456,0.8793981024333314,0.6957006679895761,0.4486021827244442,0.6280534044510384,20.874519605845148,3.9854297428369083,0.8095182257953332,0.2829024267659136,0.3870434556199196,5.464893851018075,1.2214269098345274,1.0406641198839923,0.16941043812064982,6.674968409022717,0.0,0.0,0.0,0.0,0.0,0.0,0.0,0.0,6.674968409022717,0.08,15.0,False,1366.2234627545188,1668.7421022556791,1668.7421022556791,133.49936818045433,750.9339460150557,683.1117313772594,2026-01-04 07:45:00
0.665450894434357,0.9624387451959808,0.984080976742364,0.47469956617722464,0.6372665851280227,21.611098231457625,4.028752034721669,0.815033893201149,0.2976556653299891,0.4187800366616221,5.560221629914429,1.2211794061387269,1.0576336055695925,0.17217291253458478,6.790028148018607,0.0,0.0,0.0,0.0,0.0,0.0,0.0,0.0,6.790028148018607,0.08,15.0,False,1390.0554074786073,1697.5070370046517,1697.5070370046517,135.80056296037213,763.8781666520932,695.0277037393037,2026-01-04 08:00:00
0.6636706901160636,0.9869293254907505,0.8764292471397175,0.4585850931123078,0.6168519680289809,22.33539441731376,3.932758258881618,0.8028122466185865,0.2955709843277413,0.4156880408770133,5.446829530704959,1.2226503464197682,1.042955094434759,0.16978338746612365,6.659568012605842,0.0,0.0,0.0,0.0,0.0,0.0,0.0,0.0,6.659568012605842,0.08,15.0,False,1361.7073826762398,1664.8920031514604,1664.8920031514604,133.19136025211682,749.2014014181572,680.8536913381199,2026-01-04 08:15:00
0.7524704294327024,0.9085949003308702,0.8642966132434339,0.4635185808716592,0.5862469772994847,22.47382814759664,3.7888472266334556,0.7844899151957716,0.30049750538514713,0.40238396764483925,5.276218614859213,1.2236446266114307,1.0147982301548033,0.16519971188566562,6.456216556899682,0.0,0.0,0.0,0.0,0.0,0.0,0.0,0.0,6.456216556899682,0.08,15.0,False,1319.0546537148034,1614.0541392249206,1614.0541392249206,129.12433113799366,726.3243626512143,659.5273268574017,2026-01-04 08:30:00
0.7995657676679481,0.8861638026752033,0.6832181798258847,0.47129414883754944,0.5992680652614947,22.84784025628228,3.8500750906171226,0.7922852676346677,0.3003878078381136,0.38886942687186005,5.331617592961764,1.2247798716710883,1.0306586737769252,0.16778164456833666,6.530057911307026,0.0,0.0,0.0,0.0,0.0,0.0,0.0,0.0,6.530057911307026,0.08,15.0,False,1332.904398240441,1632.5144778267563,1632.5144778267563,130.6011582261405,734.6315150220404,666.4521991202205,2026-01-04 08:45:00
0.9067294029231983,0.8985228957225264,0.5280476968909542,0.5159624070872745,0.6209662795614596,23.456337922579106,3.9521046074841317,0.8052753670991991,0.30800450092366416,0.38487642212276774,5.450260897629763,1.226564170286915,1.061957100782085,0.17287673733661846,6.685094735748466,0.0,0.0,0.0,0.0,0.0,0.0,0.0,0.0,6.685094735748466,0.08,15.0,False,1362.5652244074406,1671.2736839371164,1671.2736839371164,133.7018947149693,752.0731577717024,681.2826122037203,2026-01-04 09:00:00
0.9236608199704456,0.8638756769528066,0.4092208641686907,0.5141988869174944,0.5672910378019278,24.47913157859705,3.699712456280527,0.7731415371166915,0.3059594866563209,0.37229092283042053,5.15110440288396,1.2310849690038645,1.0236948090974543,0.16664799217865545,6.34144720416007,0.0,0.0,0.0,0.0,0.0,0.0,0.0,0.0,6.34144720416007,0.08,15.0,False,1287.77610072099,1585.3618010400176,1585.3618010400176,126.8289440832014,713.4128104680079,643.888050360495,2026-01-04 09:15:00
0.7901937311313352,0.8409547755899248,0.15462209329839996,0.4663352083793032,0.5051362025329407,25.02371782462425,3.407447492640014,0.7359312173556309,0.28763041650898874,0.3510318003033557,4.78204092680799,1.234471586618806,0.9642773421108723,0.156975381273863,5.903293650192725,0.0,0.0,0.0,0.0,0.0,0.0,0.0,0.0,5.903293650192725,0.08,15.0,False,1195.5102317019973,1475.8234125481813,1475.8234125481813,118.0658730038545,664.1205356466816,597.7551158509987,2026-01-04 09:30:00
0.7769071807544582,0.8715768492897886,0.15086278845316897,0.48571473265753595,0.5144120508374598,25.300822297240607,3.45106446074431,0.7414844020752511,0.2880091874312914,0.35708223960848934,4.837640289859342,1.2351958156977645,0.9785017684622203,0.1592909855636172,5.97543304388518,0.0,0.0,0.0,0.0,0.0,0.0,0.0,0.0,5.97543304388518,0.08,15.0,False,1209.4100724648356,1493.8582609712948,1493.8582609712948,119.50866087770359,672.2362174370827,604.7050362324178,2026-01-04 09:45:00
0.6929815768610037,0.833519309171479,0.24780445602676512,0.47587683463471897,0.5214483692134507,26.279656500812827,3.4841506933024418,0.7456968443667986,0.28154391020460046,0.35570294945132763,4.867094397325168,1.2384948549514183,0.9982681961994369,0.16250877612548975,6.027871369650095,0.0,0.0,0.0,0.0,0.0,0.0,0.0,0.0,6.027871369650095,0.08,15.0,False,1216.773599331292,1506.9678424125236,1506.9678424125236,120.55742739300189,678.1355290856357,608.386799665646,2026-01-04 10:00:00
0.6631836171572552,0.7629645047981968,0.16797096560940683,0.4814276781699785,0.5604263763272362,26.81861782390435,3.667433390176941,0.7690318608956983,0.27558713929187706,0.3398697088937939,5.05192209925831,1.2396363646686455,1.04113685195169,0.1694873945037636,6.262546345713764,0.0,0.0,0.0,0.0,0.0,0.0,0.0,0.0,6.262546345713764,0.08,15.0,False,1262.9805248145776,1565.636586428441,1565.636586428441,125.25092691427528,704.5364638927985,631.4902624072888,2026-01-04 10:15:00
0.7631766332913021,0.7359789285151749,0.17716314252743476,0.48184058159023185,0.5641254766564299,27.041147086186864,3.6848273293376774,0.7712464063205532,0.2832377044889303,0.33596670960432345,5.075278149751484,1.2403273945508844,1.0489664019416942,0.17076197240911295,6.295006524102291,0.0,0.0,0.0,0.0,0.0,0.0,0.0,0.0,6.295006524102291,0.08,15.0,False,1268.819537437871,1573.7516310255728,1573.7516310255728,125.90013048204582,708.1882339615078,634.4097687189355,2026-01-04 10:30:00
0.7820903033822492,0.7875346176484405,0.2395238078434077,0.47609184881590305,0.6159870898897951,27.804057041902333,3.9286914219765143,0.8022944688467658,0.28737809783993323,0.3476593902880133,5.366023378951227,1.2420226976069064,1.1168815300921329,0.18181792350337056,6.6647228325467305,0.0,0.0,0.0,0.0,0.0,0.0,0.0,0.0,6.6647228325467305,0.08,15.0,False,1341.5058447378067,1666.1807081366826,1666.1807081366826,133.29445665093462,749.7813186615072,670.7529223689033,2026-01-04 10:45:00
0.7063419741920733,0.780523131724485,0.21539849316395343,0.49194687954124566,0.652675546876679,28.013970762928743,4.101208177927894,0.8242587972874051,0.28096029731414385,0.34612245953440424,5.552549732063849,1.2422473510610152,1.156777799235235,0.18831266499178256,6.897640196290866,0.0,0.0,0.0,0.0,0.0,0.0,0.0,0.0,6.897640196290866,0.08,15.0,False,1388.1374330159622,1724.4100490727164,1724.4100490727164,137.9528039258173,775.9845220827224,694.0687165079811,2026-01-04 11:00:00
0.6195178312333051,0.7982408247120225,0.1910740158518551,0.45353422993840775,0.6144519954124779,28.07707088969132,3.9214730884445173,0.8013754517483018,0.27256661866747633,0.3452579697439346,5.34067312860423,1.2430545264339212,1.1163443091756917,0.18173046893557765,6.6387479067154995,0.0,0.0,0.0,0.0,0.0,0.0,0.0,0.0,6.6387479067154995,0.08,15.0,False,1335.1682821510576,1659.6869766788748,1659.6869766788748,132.77495813431,746.8591395054937,667.5841410755288,2026-01-04 11:15:00
0.6102822554529074,0.8322844356632755,0.09201282755650378,0.43830793375948784,0.5883816880797361,27.93812088689576,3.7988850807420396,0.7857679054017914,0.27034987656350223,0.34428616251304844,5.199289025220382,1.2430241888353757,1.0866555781723748,0.17689741970247974,6.462842023095236,0.0,0.0,0.0,0.0,0.0,0.0,0.0,0.0,6.462842023095236,0.08,15.0,False,1299.8222563050954,1615.710505773809,1615.710505773809,129.25684046190472,727.0697275982141,649.9111281525477,2026-01-04 11:30:00
0.5176824200812298,0.7857591044254638,0.2289620632565748,0.4485910412139872,0.598379651815481,28.539249561434886,3.8458975858039692,0.7917533999487005,0.26437407157586346,0.34504485206213253,5.247069909390666,1.2449682409566456,1.1054143178567801,0.17995116802319666,6.532435395270642,0.0,0.0,0.0,0.0,0.0,0.0,0.0,0.0,6.532435395270642,0.08,15.0,False,1311.7674773476665,1633.1088488176606,1633.1088488176606,130.64870790541286,734.8989819679473,655.8837386738332,2026-01-04 11:45:00
0.4728191417672432,0.9295425826714228,0.278403754406019,0.4278544656824438,0.5599851859808416,28.658654044215528,3.665358821400601,0.7687677328710033,0.2652386479415503,0.3702793497318868,5.069644551945042,1.246009722737406,1.0725763915170332,0.17460545908416814,6.316826402546243,0.0,0.0,0.0,0.0,0.0,0.0,0.0,0.0,6.316826402546243,0.08,15.0,False,1267.4111379862604,1579.2066006365608,1579.2066006365608,126.33652805092487,710.6429702864524,633.7055689931302,2026-01-04 12:00:00
0.4946481110812967,0.8341500628466839,0.2727139157779977,0.38547884655588,0.44419974725705114,28.967192383020297,3.120911605150084,0.699450306802035,0.26269300262601486,0.3515674407589989,4.434622355337133,1.2499901133555573,0.9534061009578435,0.1552056443419746,5.543234100636951,0.0,0.0,0.0,0.0,0.0,0.0,0.0,0.0,5.543234100636951,0.08,15.0,False,1108.6555888342832,1385.808525159238,1385.808525159238,110.86468201273904,623.6138363216571,554.3277944171416,2026-01-04 12:15:00
0.561854265992441,0.7296850912630659,0.3598133149528758,0.39510726816137626,0.4825108306967854,29.395773230249738,3.30105828818907,0.7223860552279743,0.26718130288344993,0.3398913024817212,4.6305169487822155,1.2504838876871276,0.9974881031056104,0.16238178422649474,5.790386836114321,0.0,0.0,0.0,0.0,0.0,0.0,0.0,0.0,5.790386836114321,0.08,15.0,False,1157.629237195554,1447.59670902858,1447.59670902858,115.8077367222864,651.418519062861,578.814618597777,2026-01-04 12:30:00
0.5781914559577916,0.8371582956518453,0.3885582647358995,0.41305304958417594,0.5402587447123174,29.655155666753913,3.5726009914562167,0.7569580774488158,0.27288764374457086,0.36037895699487504,4.962825669644479,1.2499122502481614,1.0666330003935638,0.17363793029662666,6.2030966003346695,0.0,0.0,0.0,0.0,0.0,0.0,0.0,0.0,6.2030966003346695,0.08,15.0,False,1240.7064174111197,1550.7741500836673,1550.7741500836673,124.0619320066934,697.8483675376503,620.3532087055598,2026-01-04 12:45:00
0.40560404643766834,0.7806781377217173,0.4314489613278507,0.40353653595738737,0.49568830793572993,30.428544162369324,3.363021527081853,0.7302750334479823,0.2574928630127066,0.3529059461521601,4.703695369694702,1.2537482090978338,1.0264566775335517,0.16709759866825258,5.8972496458965065,0.0,0.0,0.0,0.0,0.0,0.0,0.0,0.0,5.8972496458965065,0.08,15.0,False,1175.9238424236755,1474.3124114741265,1474.3124114741265,117.94499291793012,663.4405851633569,587.9619212118378,2026-01-04 13:00:00
0.4319076764300776,0.6652998924240807,0.546533305638788,0.35280209621714914,0.48129545638548865,30.243219975702853,3.295343345379496,0.7216584454361211,0.25684001630611525,0.3372442740308376,4.611086081152569,1.2535453182765393,1.0054425877198592,0.16367670032648873,5.780205369198917,0.0,0.0,0.0,0.0,0.0,0.0,0.0,0.0,5.780205369198917,0.08,15.0,False,1152.7715202881423,1445.0513422997294,1445.0513422997294,115.60410738397836,650.2731040348782,576.3857601440711,2026-01-04 13:15:00
0.43905374214505444,0.6275207382629264,0.5168361851755443,0.3648353565735927,0.46631763885198085,29.845317382280456,3.224914531950895,0.7126916550435042,0.2561159596663772,0.3300755904622938,4.52379773712307,1.2525931455893873,0.9827050583698591,0.15997524206020963,5.666478037553139,0.0,0.0,0.0,0.0,0.0,0.0,0.0,0.0,5.666478037553139,0.08,15.0,False,1130.9494342807675,1416.6195093882848,1416.6195093882848,113.32956075106279,637.4787792247282,565.4747171403837,2026-01-04 13:30:00
0.4685113357802359,0.6034311291888999,0.6646789631555395,0.32490078561468105,0.4313018407939906,29.917072013221333,3.060262966196229,0.6917286995986419,0.25944323245285156,0.332012810962089,4.343447709209812,1.2538169563395076,0.9480989827114394,0.15434169486000182,5.445888386781253,0.0,0.0,0.0,0.0,0.0,0.0,0.0,0.0,5.445888386781253,0.08,15.0,False,1085.861927302453,1361.4720966953134,1361.4720966953134,108.91776773562508,612.6624435128911,542.9309636512265,2026-01-04 13:45:00
0.5715473309154953,0.6586120684626495,0.6197746716955264,0.3323861705902554,0.4810392243353951,30.10187981194131,3.2941384889836893,0.721505046646216,0.26894916399309765,0.3390298540897386,4.623622553712742,1.2529889864874622,1.0059640020373481,0.16376158172701016,5.7933481374771,0.0,0.0,0.0,0.0,0.0,0.0,0.0,0.0,5.7933481374771,0.08,15.0,False,1155.9056384281853,1448.337034369275,1448.337034369275,115.866962749542,651.7516654661738,577.9528192140926,2026-01-04 14:00:00
0.4245872846295094,0.6743959402641562,0.6560125080323383,0.3145987901674605,0.49551390310304494,30.40246846817375,3.3622014392823627,0.7301706222696082,0.25741373930277317,0.34258205033476224,4.692367851189506,1.2537102720121351,1.0238316545594075,0.16667026934688023,5.882869775095794,0.0,0.0,0.0,0.0,0.0,0.0,0.0,0.0,5.882869775095794,0.08,15.0,False,1173.0919627973767,1470.7174437739486,1470.7174437739486,117.65739550191589,661.8228496982769,586.5459813986884,2026-01-04 14:15:00
0.40544158771038236,0.6809293888418932,0.8440799664386172,0.2940871505700407,0.45822113149154936,30.21462484782135,3.1868430702686155,0.7078445079707847,0.2590766318899759,0.3530746285146642,4.50683883864404,1.2539735934923055,0.9843715274213598,0.16024652771975623,5.651456893785156,0.0,0.0,0.0,0.0,0.0,0.0,0.0,0.0,5.651456893785156,0.08,15.0,False,1126.7097096610098,1412.8642234462889,1412.8642234462889,113.02913787570311,635.78890055083,563.3548548305049,2026-01-04 14:30:00
0.4707749244848556,0.7491535181735822,0.9100334472682088,0.2929979467124022,0.4409719340210668,29.931894168005492,3.105733755929333,0.6975179074622223,0.26777075844981796,0.36801299793158787,4.439035419772962,1.253342805600688,0.9671540111692541,0.1574436762368553,5.563633107179071,0.0,0.0,0.0,0.0,0.0,0.0,0.0,0.0,5.563633107179071,0.08,15.0,False,1109.7588549432405,1390.9082767947677,1390.9082767947677,111.27266214358143,625.9087245576455,554.8794274716203,2026-01-04 14:45:00
0.39120240905416126,0.7768871754285352,0.8907052459277736,0.2999286165838027,0.426344278052605,29.9238594950706,3.0369514750131836,0.6887607487699712,0.26187034442527024,0.3719223308824236,4.359504899090848,1.2537506930695512,0.9513555550425901,0.15487183454181697,5.465732288675255,0.0,0.0,0.0,0.0,0.0,0.0,0.0,0.0,5.465732288675255,0.08,15.0,False,1089.876224772712,1366.4330721688139,1366.4330721688139,109.3146457735051,614.8948824759663,544.938112386356,2026-01-04 15:00:00
0.5278561055974016,0.7941572527243927,0.8196268631370607,0.29863185315450474,0.36602665683715935,30.379797231288844,2.7533254739929456,0.6526503164449555,0.2722164926245128,0.3706468726966014,4.0488391557590155,1.2572067508032114,0.8955943368487312,0.14579442692886324,5.09022791953661,0.0,0.0,0.0,0.0,0.0,0.0,0.0,0.0,5.09022791953661,0.08,15.0,False,1012.2097889397539,1272.5569798841525,1272.5569798841525,101.8045583907322,572.6506409478686,506.10489446987697,2026-01-04 15:15:00
0.5730776756840448,0.8121541655536839,0.8022542458965469,0.3269001850510179,0.4221549409175318,30.424350188591,3.0172523404219453,0.6862527126098183,0.27707509165797384,0.3743963838976261,4.354976528587363,1.2555277296786964,0.9570228480323879,0.1557944171215515,5.467793793741302,0.0,0.0,0.0,0.0,0.0,0.0,0.0,0.0,5.467793793741302,0.08,15.0,False,1088.7441321468407,1366.9484484353256,1366.9484484353256,109.35587587482605,615.1268017958965,544.3720660734203,2026-01-04 15:30:00
0.6455226691655418,0.8381485000543253,0.8217086808689441,0.3327525622676333,0.49843328361764977,30.528324312944342,3.3759289736931817,0.731918371772644,0.28440885456082565,0.38015747265554856,4.7724136726822,1.2537810562037173,1.041587436945141,0.16956074554920897,5.98356185517655,0.0,0.0,0.0,0.0,0.0,0.0,0.0,0.0,5.98356185517655,0.08,15.0,False,1193.10341817055,1495.8904637941375,1495.8904637941375,119.671237103531,673.1507087073619,596.551709085275,2026-01-04 15:45:00
0.6189082889671912,0.6292377548048506,0.8196987912537947,0.3717683788163181,0.49224532697485984,30.695870220227203,3.3468319144638023,0.7282138193536839,0.27724971160873946,0.3480210817218566,4.7003165271480825,1.2546997224500425,1.0295656108070887,0.16760370408487502,5.897485842040046,0.0,0.0,0.0,0.0,0.0,0.0,0.0,0.0,5.897485842040046,0.08,15.0,False,1175.0791317870205,1474.3714605100115,1474.3714605100115,117.94971684080092,663.4671572295052,587.5395658935103,2026-01-04 16:00:00
0.6901880818236941,0.5629577506991792,0.7976271842437905,0.3946616464840014,0.3876830270275643,30.76240055472383,2.855158231153229,0.6656153650395087,0.2814841028056358,0.33726402304714403,4.139521722045518,1.257976996443267,0.9183951872858679,0.14950619327909476,5.2074231026104805,0.0,0.0,0.0,0.0,0.0,0.0,0.0,0.0,5.2074231026104805,0.08,15.0,False,1034.8804305113795,1301.8557756526202,1301.8557756526202,104.14846205220962,585.8350990436791,517.4402152556897,2026-01-04 16:15:00
0.7671610492731092,0.40680200021429685,0.7744147910298071,0.39641056606197866,0.3573307293866532,29.94737815680483,2.712435414367756,0.6474443137316996,0.2827958529218297,0.3102924368792307,3.952968017900516,1.256317880261296,0.871366089456503,0.14185029363245394,4.966184400989473,0.0,0.0,0.0,0.0,0.0,0.0,0.0,0.0,4.966184400989473,0.08,15.0,False,988.242004475129,1241.5461002473683,1241.5461002473683,99.32368801978946,558.6957451113158,494.1210022375645,2026-01-04 16:30:00
0.7784407207445074,0.39035310895290287,0.7366308416914948,0.39619034283078536,0.29435875710686876,29.0354062942464,2.416328102537975,0.6097447974450788,0.2824822179544,0.30541577950195214,3.613970897439406,1.255525604824306,0.7941774054716538,0.1292846939139901,4.53743299682505,0.0,0.0,0.0,0.0,0.0,0.0,0.0,0.0,4.53743299682505,0.08,15.0,False,903.4927243598515,1134.3582492062626,1134.3582492062626,90.74865993650101,510.46121214281817,451.74636217992577,2026-01-04 16:45:00
0.7891483694889773,0.3472235708702378,0.6316592165556925,0.38044401760055313,0.2922486964028501,29.1096761200479,2.406406158215053,0.6084815645337214,0.2794838484097415,0.2913441756328697,3.5857157467913856,1.255999005891991,0.7894281132672737,0.12851155332257946,4.503655413381239,0.0,0.0,0.0,0.0,0.0,0.0,0.0,0.0,4.503655413381239,0.15,15.0,False,896.4289366978464,1125.9138533453097,1125.9138533453097,168.88707800179645,506.66123400538936,448.2144683489232,2026-01-04 17:00:00
0.8003718258519096,0.3182465501603249,0.6244096402556822,0.40958579223963537,0.33657430618991474,28.342754573453497,2.6148343951606665,0.6350180376277726,0.2803681099925569,0.2879750339451883,3.8181955767261844,1.2516200237438855,0.8262316370401914,0.13450282463444974,4.7789300384008255,0.0,0.0,0.0,0.0,0.0,0.0,0.0,0.0,4.7789300384008255,0.15,15.0,False,954.5488941815461,1194.7325096002064,1194.7325096002064,179.20987644003097,537.6296293200929,477.27444709077304,2026-01-04 17:15:00
0.7365443044494911,0.2616565096219204,0.7101949664372454,0.4231202127539499,0.32846877134190505,27.941846506553663,2.5767204843540767,0.6301654860567872,0.2755624148303528,0.284366351631994,3.7668147368732106,1.250579346593375,0.811741938933427,0.13214403657055795,4.710700712377196,0.0,0.0,0.0,0.0,0.0,0.0,0.0,0.0,4.710700712377196,0.15,15.0,False,941.7036842183027,1177.6751780942989,1177.6751780942989,176.6512767141448,529.9538301424345,470.85184210915133,2026-01-04 17:30:00
0.728873409911657,0.1705566801030564,0.6366338991515441,0.3918708908098314,0.2971654803908861,27.90591243626885,2.4295258992178677,0.611425102290665,0.26973084232286315,0.26319793855949575,3.5738797823908914,1.2518758641454166,0.7741496903457239,0.12602436819581553,4.474053840932431,0.0,0.0,0.0,0.0,0.0,0.0,0.0,0.0,4.474053840932431,0.15,15.0,False,893.4699455977228,1118.5134602331077,1118.5134602331077,167.77701903496614,503.3310571048985,446.7349727988614,2026-01-04 17:45:00
0.7192625427109247,0.08794942466320568,0.6934861933339762,0.4033398649107289,0.28964697628677016,27.689769263422072,2.394172329071461,0.6069239892134884,0.2679870704597203,0.25352216317741477,3.522605551922085,1.2515135784953193,0.7619454900726067,0.12403763791879652,4.408588679913488,0.0,0.0,0.0,0.0,0.0,0.0,0.0,0.0,4.408588679913488,0.15,15.0,False,880.6513879805212,1102.147169978372,1102.147169978372,165.3220754967558,495.9662264902674,440.3256939902606,2026-01-04 18:00:00
0.7414387619437878,0.05,0.722858715199918,0.4055148526315924,0.3237099586159081,27.715455168902224,2.554343557083392,0.6273165211701294,0.2693440996148478,0.24906871249870347,3.7000728903670725,1.2502680710284912,0.7963686902458037,0.1296414146911774,4.626082995304054,0.0,0.0,0.0,0.0,0.0,0.0,0.0,0.0,4.626082995304054,0.15,15.0,False,925.0182225917681,1156.5207488260135,1156.5207488260135,173.47811232390202,520.4343369717061,462.50911129588405,2026-01-04 18:15:00
0.7933212777347024,0.05,0.8333378952673403,0.46091447487714243,0.34660018226913014,27.620206841009715,2.661978149867362,0.641020242495308,0.2776476604702817,0.2588199114312743,3.839465964264226,1.2489430432045245,0.8219951736247523,0.13381316779937824,4.795274305688356,0.0,0.0,0.0,0.0,0.0,0.0,0.0,0.0,4.795274305688356,0.15,15.0,False,959.8664910660565,1198.818576422089,1198.818576422089,179.82278646331335,539.4683593899401,479.93324553302824,2026-01-04 18:30:00
0.6985543148175092,0.05,0.8977994431832528,0.43895454944621504,0.33507456448283585,27.468553388968388,2.6077822977077068,0.634120185220347,0.27037440941815033,0.2611127071863151,3.773389599532519,1.2488760520089093,0.8076314233518939,0.13147488287123854,4.7124959057556515,0.0,0.0,0.0,0.0,0.0,0.0,0.0,0.0,4.7124959057556515,0.15,15.0,False,943.3473998831298,1178.123976438913,1178.123976438913,176.71859646583692,530.1557893975108,471.6736999415649,2026-01-04 18:45:00
0.6759407013410018,0.05,1.0,0.42290760959161133,0.33546652941071575,26.650221477058672,2.609625398327303,0.6343548433967932,0.27000246887539237,0.26592229363797654,3.7799050042374653,1.2459656551290406,0.7995650571958142,0.130161753496993,4.7096318149302725,0.0,0.0,0.0,0.0,0.0,0.0,0.0,0.0,4.7096318149302725,0.15,15.0,False,944.9762510593663,1177.407953732568,1177.407953732568,176.6111930598852,529.8335791796557,472.48812552968315,2026-01-04 19:00:00
0.7535685978675261,0.05,1.0,0.4620653244144155,0.3546005485331621,26.71481207490128,2.699597536117023,0.6458098326470941,0.27770600533642104,0.2683725395886659,3.891485913689204,1.2454169914886433,0.8213316182079131,0.13370514715012538,4.846522679047243,0.0,0.0,0.0,0.0,0.0,0.0,0.0,0.0,4.846522679047243,0.15,15.0,False,972.871478422301,1211.6306697618106,1211.6306697618106,181.7446004642716,545.2338013928148,486.4357392111505,2026-01-04 19:15:00
0.6682456611943586,0.05,0.9789899076989933,0.5012843056311387,0.44550815581773995,26.708411338492173,3.1270640143514234,0.7002336135344983,0.2715394618970054,0.26963145489772294,4.36846854468065,1.2424466634275633,0.9108437357336346,0.14827688721245214,5.427589167626737,0.0,0.0,0.0,0.0,0.0,0.0,0.0,0.0,5.427589167626737,0.15,15.0,False,1092.1171361701624,1356.8972919066841,1356.8972919066841,203.5345937860026,610.6037813580078,546.0585680850812,2026-01-04 19:30:00
0.589080508139443,0.05,0.984904251339479,0.6581326656393013,0.5569689069136508,26.569544004710632,3.6511756498406243,0.7669619729797087,0.2703003057745405,0.27978248744567263,4.968220416040546,1.2390909527388498,1.0215566353114556,0.16629991737628358,6.156076968728285,0.0,0.0,0.0,0.0,0.0,0.0,0.0,0.0,6.156076968728285,0.15,15.0,False,1242.0551040101363,1539.0192421820711,1539.0192421820711,230.85288632731067,692.558658981932,621.0275520050682,2026-01-04 19:45:00
0.5853763658078949,0.05,0.838133333444075,0.539587704903031,0.4687844125780024,25.840615147885288,3.236513815099584,0.7141684418248738,0.2631701590325699,0.26401558194230856,4.477867997899336,1.2388163953228932,0.9196739328314523,0.14971436115860848,5.547256291889397,0.0,0.0,0.0,0.0,0.0,0.0,0.0,0.0,5.547256291889397,0.15,15.0,False,1119.466999474834,1386.8140729723493,1386.8140729723493,208.0221109458524,624.0663328375572,559.733499737417,2026-01-04 20:00:00
0.61848445143149,0.05,0.6991460220961802,0.5140759860099452,0.42062524078614444,25.633323960600823,3.010059372226535,0.6853369249517685,0.26230695282832667,0.254512889765677,4.212216139772307,1.2395845985100957,0.8678966169091802,0.1412854957759131,5.2213982524574005,0.0,0.0,0.0,0.0,0.0,0.0,0.0,0.0,5.2213982524574005,0.15,15.0,False,1053.0540349430769,1305.34956311435,1305.34956311435,195.8024344671525,587.4073034014575,526.5270174715384,2026-01-04 20:15:00
0.5883194463921017,0.05,0.608678908176979,0.43657990184877266,0.3483778604497336,25.284144200819583,2.6703371624296213,0.6420844875093322,0.25546347477850834,0.24451742319134806,3.8124025479088095,1.2409554160039353,0.7900123760390142,0.12860666586681624,4.73102158981464,0.0,0.0,0.0,0.0,0.0,0.0,0.0,0.0,4.73102158981464,0.15,15.0,False,953.1006369772024,1182.75539745366,1182.75539745366,177.413309618049,532.239928854147,476.5503184886012,2026-01-04 20:30:00
0.6450755504197626,0.05,0.4534427525525382,0.39357752828632675,0.22306548126370973,24.49326804423017,2.0810922905220663,0.5670635550371996,0.2556532723651115,0.23299595522692795,3.1368050731513057,1.2435105613321908,0.656906841171355,0.1069383229813834,3.900650237304044,0.0,0.0,0.0,0.0,0.0,0.0,0.0,0.0,3.900650237304044,0.15,15.0,False,784.2012682878265,975.1625593260111,975.1625593260111,146.27438389890165,438.823151696705,392.1006341439132,2026-01-04 20:45:00
0.658924168139152,0.05,0.4066829156033582,0.38563385321451304,0.19013901585289741,23.9353673984507,1.926265201455621,0.5473514232097156,0.2556077557385725,0.22983894458649362,2.9590633249904026,1.2431549732892533,0.6187794288243552,0.10073153492489506,3.678574288739653,0.0,0.0,0.0,0.0,0.0,0.0,0.0,0.0,3.678574288739653,0.15,15.0,False,739.7658312476007,919.6435721849132,919.6435721849132,137.94653582773697,413.83960748321095,369.88291562380033,2026-01-04 21:00:00
0.24867661781279587,0.05,0.25098907457220154,0.4154730184611729,0.25606974429120843,23.39637613294129,2.2362852001640747,0.5868222620696699,0.21963145451268914,0.2228494109740498,3.265588327720484,1.238565447783696,0.6699886258446696,0.10906791583517872,4.044644869400332,0.0,0.0,0.0,0.0,0.0,0.0,0.0,0.0,4.044644869400332,0.15,15.0,False,816.397081930121,1011.161217350083,1011.161217350083,151.67418260251245,455.02254780753736,408.1985409650605,2026-01-04 21:15:00
0.23906730923990416,0.05,0.15572724162520565,0.3966685704265068,0.23840944767405745,22.936532889499823,2.1532428121285347,0.5762495482758768,0.21632894153554008,0.21625375272297478,3.1620750546629264,1.2378415790417452,0.6467827146826072,0.105290209366936,3.9141479787124696,0.0,0.0,0.0,0.0,0.0,0.0,0.0,0.0,3.9141479787124696,0.15,15.0,False,790.5187636657316,978.5369946781174,978.5369946781174,146.7805492017176,440.34164760515284,395.2593818328658,2026-01-04 21:30:00
0.3459911390422578,0.05,0.09061357603192798,0.38844187206425407,0.29080206430525873,22.778732866859666,2.399603793192702,0.6076155073284366,0.2235960579919501,0.2120349701532984,3.442850328666387,1.2349516840481927,0.6956569950755951,0.11324648757044575,4.251753811312428,0.0,0.0,0.0,0.0,0.0,0.0,0.0,0.0,4.251753811312428,0.15,15.0,False,860.7125821665967,1062.9384528281068,1062.9384528281068,159.44076792421603,478.32230377264807,430.35629108329834,2026-01-04 21:45:00
0.2739264259294302,0.05,0.055117148137555264,0.4009767685452442,0.2753959382983539,22.65072206937552,2.3271609842340264,0.5983923009195516,0.21735584652425177,0.21080010281388586,3.3537092344917157,1.2352236493752444,0.6784296835693151,0.1104420415112839,4.142580959572315,0.0,0.0,0.0,0.0,0.0,0.0,0.0,0.0,4.142580959572315,0.08,15.0,False,838.4273086229289,1035.6452398930787,1035.6452398930787,82.8516191914463,466.0403579518854,419.21365431146444,2026-01-04 22:00:00
0.10628080982038925,0.05,0.13287256685771165,0.43150473328679256,0.3293851856601158,22.460624752545968,2.581029655092482,0.630714117062994,0.20606175609933045,0.21713348902090987,3.634939017275716,1.2323568012003197,0.7263584102466806,0.11824439236573869,4.479541819888135,0.0,0.0,0.0,0.0,0.0,0.0,0.0,0.0,4.479541819888135,0.08,15.0,False,908.734754318929,1119.8854549720338,1119.8854549720338,89.5908363977627,503.9484547374152,454.3673771594645,2026-01-04 22:15:00
0.20613854693632144,0.05,0.14687541661434805,0.398790943264075,0.2892452605626929,21.628213594303077,2.3922833781799793,0.6066834935146217,0.213504513181551,0.21588301933771442,3.4283544042138665,1.232341801821118,0.6850330340185176,0.11151700553789823,4.224904443770282,0.0,0.0,0.0,0.0,0.0,0.0,0.0,0.0,4.224904443770282,0.08,15.0,False,857.0886010534666,1056.2261109425706,1056.2261109425706,84.49808887540564,475.30174992415675,428.5443005267333,2026-01-04 22:30:00
0.1607761566492227,0.05,0.21898417758608577,0.3791048373424525,0.2812953370898057,21.111712784381936,2.354901184426381,0.6019241020172124,0.21053752021487773,0.2187531101693081,3.3861159168277792,1.2326819865039371,0.6775838331316758,0.11030434492841235,4.174004094887867,0.0,0.0,0.0,0.0,0.0,0.0,0.0,0.0,4.174004094887867,0.08,15.0,False,846.5289792069448,1043.501023721967,1043.501023721967,83.48008189775736,469.5754606748851,423.2644896034724,2026-01-04 22:45:00
0.16643650278764346,0.05,0.2919488387480909,0.3996275126810618,0.2885066345321375,20.900281225968822,2.388810204950093,0.6062412992643778,0.21312881221573726,0.22418790423863105,3.4323682206688395,1.2323097155574556,0.6857403371275446,0.11163214790448395,4.229740705700868,0.0,0.0,0.0,0.0,0.0,0.0,0.0,0.0,4.229740705700868,0.08,15.0,False,858.0920551672099,1057.435176425217,1057.435176425217,84.59481411401735,475.84582939134765,429.04602758360494,2026-01-04 23:00:00
0.25348186573408915,0.05,0.13519487424153995,0.3439696839309955,0.30005737394614074,20.211971430627003,2.4431241842285347,0.6131563961383646,0.2153716646868953,0.21178819576194471,3.48344044081574,1.2319050930833455,0.6947317185227911,0.11309586115487302,4.291268020493404,0.0,0.0,0.0,0.0,0.0,0.0,0.0,0.0,4.291268020493404,0.08,15.0,False,870.8601102039349,1072.817005123351,1072.817005123351,85.82536040986808,482.76765230550797,435.43005510196747,2026-01-04 23:15:00
0.14450078079154832,0.05,0.11470226049044113,0.34742899860417775,0.2829458835652418,19.4472864331014,2.3626623972675485,0.6029122369204049,0.20608064963648984,0.21083893071694867,3.382494214541392,1.2327113706204467,0.6769445837122262,0.11020028106943214,4.1696390793230504,0.0,0.0,0.0,0.0,0.0,0.0,0.0,0.0,4.1696390793230504,0.08,15.0,False,845.623553635348,1042.4097698307626,1042.4097698307626,83.39278158646101,469.08439642384315,422.811776817674,2026-01-04 23:30:00
0.08548376164761838,0.05,0.03,0.30494266377375556,0.2889846058060036,18.85929337174645,2.391057725297837,0.606527446976944,0.198125331560397,0.20336209136000577,3.3990725951951837,1.2325771429257544,0.6798700697974436,0.11067652299028152,4.189619187982909,0.0,0.0,0.0,0.0,0.0,0.0,0.0,0.0,4.189619187982909,0.08,15.0,False,849.7681487987959,1047.404796995727,1047.404796995727,83.79238375965816,471.3321586480772,424.88407439939795,2026-01-04 23:45:00
0.04,0.03,0.03,0.23320753909388614,0.2002574967238292,18.747594913458677,1.9738444031547635,0.5534090679138504,0.19140552947815667,0.19557400958250795,2.914233010129278,1.2367969343382608,0.5934700407615382,0.09661140198443652,3.604314452875253,0.0,0.0,0.0,0.0,0.0,0.0,0.0,0.0,3.604314452875253,0.08,15.0,False,728.5582525323196,901.0786132188132,901.0786132188132,72.08628905750506,405.48537594846596,364.2791262661598,2026-01-05 00:00:00
0.04,0.08788919995664005,0.03,0.2328960018223929,0.19959791505651436,18.493792004305252,1.9707429129620622,0.5530141952600479,0.19311611910676926,0.20510433585862245,2.921977563187502,1.2367247407104571,0.5948657676663078,0.09683861334102684,3.6136819441948367,0.0,0.0,0.0,0.0,0.0,0.0,0.0,0.0,3.6136819441948367,0.08,15.0,False,730.4943907968755,903.4204860487092,903.4204860487092,72.27363888389674,406.53921872191916,365.2471953984377,2026-01-05 00:15:00
0.11204998181333077,0.1721733540138797,0.03,0.216972201309565,0.2529396793612592,17.676703966919828,2.221566983809948,0.5849483818411689,0.20104523283991843,0.2180120461006675,3.225572644591703,1.2340171824092163,0.6491619028714914,0.10567751907210332,3.9804120665352976,0.0,0.0,0.0,0.0,0.0,0.0,0.0,0.0,3.9804120665352976,0.08,15.0,False,806.3931611479258,995.1030166338244,995.1030166338244,79.60824133070595,447.796357485221,403.1965805739629,2026-01-05 00:30:00
0.18884167015653824,0.26138377281859004,0.03,0.20170483911460185,0.25614320007161295,17.715436116162017,2.236630604522339,0.5868662379416245,0.2095340206595447,0.23177350436130498,3.264804367484814,1.233684733914332,0.6561240483123127,0.10681089158572532,4.027739307382852,0.0,0.0,0.0,0.0,0.0,0.0,0.0,0.0,4.027739307382852,0.08,15.0,False,816.2010918712035,1006.934826845713,1006.934826845713,80.55478614765704,453.12067208057084,408.10054593560176,2026-01-05 00:45:00
0.2361268795521845,0.3347180895132552,0.03,0.21507101867106088,0.22847120907421023,17.679667917579255,2.106511147078424,0.5702998094573017,0.216060119420055,0.2447076349411259,3.1375787108969067,1.2347773508087012,0.633503879220414,0.10312853847774184,3.8742111285950624,0.0,0.0,0.0,0.0,0.0,0.0,0.0,0.0,3.8742111285950624,0.08,15.0,False,784.3946777242267,968.5527821487656,968.5527821487656,77.48422257190124,435.8487519669445,392.1973388621133,2026-01-05 01:00:00
0.16712556625040603,0.4625080909574279,0.03,0.2428862412944418,0.2876839144152179,17.688061935250257,2.384941603834553,0.6057487602930821,0.21507988187684532,0.2675292995417519,3.473299545546232,1.2319848968845248,0.6929476117534447,0.11280542516916536,4.279052582468842,0.0,0.0,0.0,0.0,0.0,0.0,0.0,0.0,4.279052582468842,0.08,15.0,False,868.324886386558,1069.7631456172105,1069.7631456172105,85.58105164937685,481.39341552774476,434.162443193279,2026-01-05 01:15:00
0.05411972332497958,0.5113832562746732,0.06756511427882309,0.24358087527539882,0.23077796033142367,17.797601354468025,2.117357971294103,0.5716807953696394,0.20796871462960384,0.2777724663628809,3.174779947656227,1.234453524945751,0.6401309807033764,0.10420736895171245,3.9191182973113157,0.0,0.0,0.0,0.0,0.0,0.0,0.0,0.0,3.9191182973113157,0.08,15.0,False,793.6949869140567,979.7795743278289,979.7795743278289,78.38236594622632,440.900808447523,396.84749345702835,2026-01-05 01:30:00
0.11174746808910396,0.6392473142223013,0.03,0.24828050736219412,0.2961450675750389,17.351206039886076,2.424727705911889,0.6108142103624404,0.21593913866545086,0.2970230173066723,3.5485040722464523,1.231399416755385,0.706164724497866,0.11495704817407126,4.36962584491839,0.0,0.0,0.0,0.0,0.0,0.0,0.0,0.0,4.36962584491839,0.08,15.0,False,887.1260180616131,1092.4064612295974,1092.4064612295974,87.3925168983678,491.5829075533189,443.56300903080654,2026-01-05 01:45:00
0.12129836520819562,0.6649813187081371,0.2138285191291639,0.26323666847326366,0.3466343553782654,17.2118888195629,2.662138838934523,0.6410407009570295,0.2216299391499319,0.31266127879304045,3.8374707578345246,1.2292861580751877,0.7566958770391915,0.12318304975056604,4.717349684624282,0.0,0.0,0.0,0.0,0.0,0.0,0.0,0.0,4.717349684624282,0.08,15.0,False,959.3676894586312,1179.3374211560706,1179.3374211560706,94.34699369248565,530.7018395202318,479.6838447293156,2026-01-05 02:00:00
0.18389072254327687,0.734444232882692,0.12666055656726025,0.24291156906053715,0.3059330495800296,16.794374593731927,2.470752833199612,0.6166739948610237,0.2264646154684051,0.31788999326116707,3.631781436790208,1.2307681945136013,0.720765694731037,0.11733395030505256,4.469881081826298,0.0,0.0,0.0,0.0,0.0,0.0,0.0,0.0,4.469881081826298,0.08,15.0,False,907.9453591975521,1117.4702704565743,1117.4702704565743,89.39762163652595,502.86162170545845,453.97267959877604,2026-01-05 02:15:00
0.24437662067548782,0.7060387549638194,0.10996292409555643,0.2613616575941915,0.29392079224606527,16.84723729129502,2.414268700665786,0.6094826004262293,0.23089334091623118,0.31340866324272276,3.5680533052509693,1.2312496235366077,0.7095954458941386,0.11551553770369705,4.393164288848805,0.0,0.0,0.0,0.0,0.0,0.0,0.0,0.0,4.393164288848805,0.08,15.0,False,892.0133263127424,1098.2910722122012,1098.2910722122012,87.8632857769761,494.2309824954906,446.0066631563712,2026-01-05 02:30:00
0.25135957366675654,0.7552471931172844,0.03,0.4364828019065273,0.44224908363583737,16.976382917203775,3.111739179065104,0.6982825003590205,0.23713235086730872,0.3279357223747702,4.375089752666203,1.2259304525525332,0.8500807666889297,0.1383852410888956,5.3635557604440285,0.0,0.0,0.0,0.0,0.0,0.0,0.0,0.0,5.3635557604440285,0.08,15.0,False,1093.7724381665507,1340.888940111007,1340.888940111007,107.27111520888057,603.4000230499532,546.8862190832754,2026-01-05 02:45:00
0.2903659995079451,0.8547286393643033,0.14838152940319194,0.3933593968493294,0.49698743452884164,16.41550563925323,3.3691302905409954,0.7310527833322925,0.24423234146790576,0.3483826684324436,4.692798083773638,1.2242996008420293,0.9052297538394933,0.1473629831831733,5.745390820796304,0.0,0.0,0.0,0.0,0.0,0.0,0.0,0.0,5.745390820796304,0.08,15.0,False,1173.1995209434094,1436.347705199076,1436.347705199076,114.90781641592608,646.3564673395842,586.5997604717047,2026-01-05 03:00:00
0.2816273127788042,0.8208573888261897,0.18444001667966248,0.3431226969920431,0.39776192710985,16.4059869516767,2.902551315751354,0.6716493138590748,0.2415591309967866,0.3417027185684797,4.157462479175695,1.2271985751978114,0.8123298144680876,0.13223973723899107,5.102032030882774,0.0,0.0,0.0,0.0,0.0,0.0,0.0,0.0,5.102032030882774,0.08,15.0,False,1039.3656197939238,1275.5080077206935,1275.5080077206935,102.04064061765548,573.9786034743121,519.6828098969619,2026-01-05 03:15:00
0.2875329979115996,0.7898547474247688,0.15516734383161823,0.30753814447527045,0.37490065302215053,15.890398588627948,2.7950528498459803,0.6579629238096589,0.23936968428032546,0.33269645606967446,4.025081914005639,1.2280300173003258,0.7893419686979034,0.12849752978803075,4.9429214124915735,0.0,0.0,0.0,0.0,0.0,0.0,0.0,0.0,4.9429214124915735,0.08,15.0,False,1006.2704785014098,1235.7303531228933,1235.7303531228933,98.85842824983148,556.0786589053021,503.1352392507049,2026-01-05 03:30:00
0.2079731230235249,0.7075789168225026,0.04094423389477214,0.32144087247734754,0.33982890039110814,15.867011216157092,2.630138174050272,0.6369664699644493,0.22854970033692285,0.3134959772950618,3.809150321646706,1.2294837023048033,0.751758609864436,0.12237930858258261,4.683288240093725,0.0,0.0,0.0,0.0,0.0,0.0,0.0,0.0,4.683288240093725,0.08,15.0,False,952.2875804116765,1170.822060023431,1170.822060023431,93.66576480187449,526.869927010544,476.14379020583823,2026-01-05 03:45:00
0.17224966359724123,0.7106645008213405,0.07109654004457348,0.3358154582988606,0.3622461835367346,16.41633387791541,2.7355489021959016,0.6503870553527464,0.22676390401783816,0.31661969098735093,3.9293195525538374,1.2286597888811432,0.7726905462268175,0.12578683310669125,4.827796931887346,0.0,0.0,0.0,0.0,0.0,0.0,0.0,0.0,4.827796931887346,0.08,15.0,False,982.3298881384593,1206.9492329718366,1206.9492329718366,96.55593863774693,543.1271548373265,491.16494406922965,2026-01-05 04:00:00
0.16287852030134792,0.6218448361442455,0.03,0.3201158244635092,0.27304266016221823,17.232410643724855,2.316095380956064,0.596983460697333,0.2220167088560103,0.2986471857022601,3.4337427362116673,1.2322987373432006,0.6859825277056874,0.11167157427767005,4.231396838195025,0.0,0.0,0.0,0.0,0.0,0.0,0.0,0.0,4.231396838195025,0.08,15.0,False,858.4356840529168,1057.849209548756,1057.849209548756,84.6279367639005,476.03214429694026,429.2178420264584,2026-01-05 04:15:00
0.19118945677879431,0.6067840691683419,0.1277870453092603,0.30950192591599807,0.23503145207141496,17.77480932304524,2.137358774181824,0.5742272390543688,0.22549415477111842,0.30106114150259644,3.2381413095099076,1.2339102415439975,0.6513935976405106,0.10604081822054823,3.9955757253709665,0.0,0.0,0.0,0.0,0.0,0.0,0.0,0.0,3.9955757253709665,0.08,15.0,False,809.535327377477,998.8939313427417,998.8939313427417,79.91151450741934,449.50226910423373,404.7676636887385,2026-01-05 04:30:00
0.13402949610595855,0.6725351898499803,0.15459179894809644,0.3215888393637698,0.27901120699015,18.300388360071462,2.3441607295987392,0.6005566587440345,0.22365919394206207,0.3141890398749881,3.482565622159824,1.2319119669643517,0.6945778334250634,0.11307081009245223,4.290214265677339,0.0,0.0,0.0,0.0,0.0,0.0,0.0,0.0,4.290214265677339,0.08,15.0,False,870.6414055399559,1072.5535664193349,1072.5535664193349,85.80428531354679,482.6491048887007,435.32070276997797,2026-01-05 04:45:00
0.1447846712753449,0.7900753176971353,0.12672724821143108,0.30419901348713846,0.3055977907622204,17.791080902478672,2.4691763765044388,0.6164732850086139,0.2269148264904137,0.3309060790178461,3.6434705670213123,1.2306810325457753,0.7228124151075314,0.11766713734308654,4.48395011947193,0.0,0.0,0.0,0.0,0.0,0.0,0.0,0.0,4.48395011947193,0.08,15.0,False,910.8676417553281,1120.9875298679826,1120.9875298679826,89.67900238943861,504.4443884405922,455.43382087766406,2026-01-05 05:00:00
0.1030605097386296,0.9693685200125112,0.03,0.29901032971485403,0.30695038956969833,17.98904927934345,2.4755365774377522,0.6172830471762211,0.22671097915799207,0.3546565510029139,3.6741871547748794,1.2304536774276094,0.7281877495826341,0.11854219179252179,4.520917096150035,0.0,0.0,0.0,0.0,0.0,0.0,0.0,0.0,4.520917096150035,0.08,15.0,False,918.5467886937199,1130.2292740375087,1130.2292740375087,90.4183419230007,508.60317331687895,459.27339434685996,2026-01-05 05:15:00
0.0799433964468577,0.8648572831034521,0.03,0.3070967714461735,0.3177162150311591,18.35727902340357,2.5261597280492367,0.6237282385467565,0.2219623524563444,0.33792162204253,3.7097719410948677,1.2301933473347533,0.7344097460334887,0.11955507493568429,4.563736762064041,0.0,0.0,0.0,0.0,0.0,0.0,0.0,0.0,4.563736762064041,0.08,15.0,False,927.4429852737169,1140.9341905160102,1140.9341905160102,91.27473524128082,513.4203857322046,463.72149263685844,2026-01-05 05:30:00
0.12360354278695208,0.9286083192570159,0.05256361746668808,0.3364952858432689,0.4656980327869849,18.521533832970974,3.222001015355223,0.7123207146379087,0.22888094495627517,0.3515615661338132,4.51476424108322,1.2251812486113534,0.874310614133987,0.14232963485902117,5.531404490076228,0.0,0.0,0.0,0.0,0.0,0.0,0.0,0.0,5.531404490076228,0.08,15.0,False,1128.6910602708049,1382.8511225190568,1382.8511225190568,110.62808980152455,622.2830051335756,564.3455301354024,2026-01-05 05:45:00
0.04,0.9925069964567443,0.1373289425505047,0.3308270954199434,0.4819512009225569,19.00370040775128,3.2984267925876547,0.7220510209099403,0.2253695419620854,0.366569969701468,4.612417325161148,1.224687483366303,0.8912630992820106,0.14508934174358312,5.648769766186742,0.0,0.0,0.0,0.0,0.0,0.0,0.0,0.0,5.648769766186742,0.08,15.0,False,1153.104331290287,1412.1924415466856,1412.1924415466856,112.97539532373484,635.4865986960085,576.5521656451435,2026-01-05 06:00:00
0.04,0.8416196116826633,0.17776346521255573,0.30097483651167084,0.44056914828845156,18.798105986237662,3.103839773635143,0.697276771179889,0.22069940357309495,0.3421106568058268,4.363926605193953,1.2259925133346503,0.8481446777035279,0.13807006381220222,5.350141346709683,0.0,0.0,0.0,0.0,0.0,0.0,0.0,0.0,5.350141346709683,0.08,15.0,False,1090.9816512984883,1337.5353366774207,1337.5353366774207,107.00282693419365,601.8909015048393,545.4908256492441,2026-01-05 06:15:00
0.04,0.8459465990505655,0.038759101269582076,0.27442548911402503,0.410845666914341,19.240651607826326,2.96407378172995,0.6794821741617155,0.217196303225109,0.3332558773313963,4.19400813644817,1.226977044737066,0.8186714722762254,0.13327210013799018,5.145951708862386,0.0,0.0,0.0,0.0,0.0,0.0,0.0,0.0,5.145951708862386,0.08,15.0,False,1048.5020341120426,1286.4879272155965,1286.4879272155965,102.91903417724772,578.9195672470184,524.2510170560213,2026-01-05 06:30:00
0.04,0.8241722591731885,0.07535330763716551,0.2669554534790594,0.4131985666891526,19.037131752289525,2.9751376058742673,0.6808907878698457,0.2170275053924439,0.3312780672238627,4.204333966360419,1.2269150794995467,0.8204630275486142,0.13356374867070464,5.158360742579738,0.0,0.0,0.0,0.0,0.0,0.0,0.0,0.0,5.158360742579738,0.08,15.0,False,1051.0834915901048,1289.5901856449345,1289.5901856449345,103.16721485159476,580.3155835402206,525.5417457950524,2026-01-05 06:45:00
0.219533042817321,0.8125982887869893,0.13811169178455923,0.2614581144722272,0.41425341379164865,19.39114174107357,2.9800977163584013,0.681522294619289,0.23257062329766745,0.3325947785184339,4.226785412793792,1.2267813023381409,0.8243580745308202,0.13419782608641262,5.1853413134110244,0.0,0.0,0.0,0.0,0.0,0.0,0.0,0.0,5.1853413134110244,0.08,15.0,False,1056.696353198448,1296.335328352756,1296.335328352756,103.70682626822048,583.3508977587402,528.348176599224,2026-01-05 07:00:00
0.3444077760353481,0.7701393084450403,0.03,0.28421321252798126,0.3719933658732084,20.2883536104472,2.7813821809559274,0.6562224142582913,0.24022905305362016,0.3208643505382734,3.998697998806112,1.2282011559362263,0.7847564547879889,0.12775105077944005,4.911205504373541,0.0,0.0,0.0,0.0,0.0,0.0,0.0,0.0,4.911205504373541,0.08,15.0,False,999.674499701528,1227.8013760933852,1227.8013760933852,98.22411008747082,552.5106192420234,499.837249850764,2026-01-05 07:15:00
0.384856998824431,0.6752692137252452,0.04276892725261216,0.2848229821225191,0.36546693472830694,20.578945611714474,2.7506935442149225,0.6523152268488267,0.24102214306729122,0.30597841400463593,3.9500093281356765,1.2285217114436238,0.7762900870201054,0.12637280486373814,4.85267222001952,0.0,0.0,0.0,0.0,0.0,0.0,0.0,0.0,4.85267222001952,0.08,15.0,False,987.5023320339192,1213.16805500488,1213.16805500488,97.0534444003904,545.925624752196,493.7511660169596,2026-01-05 07:30:00
0.45376635692036027,0.6010546183161594,0.0759704819675759,0.2981044575305065,0.36963690657608683,21.26518012916209,2.770301619197328,0.6548116695660989,0.2456028515487078,0.2964551892745204,3.9671713295866553,1.2284080193106857,0.7792750212650434,0.12685872439198387,4.873305075243683,0.0,0.0,0.0,0.0,0.0,0.0,0.0,0.0,4.873305075243683,0.08,15.0,False,991.7928323966638,1218.3262688109207,1218.3262688109207,97.46610150487366,548.2468209649144,495.8964161983319,2026-01-05 07:45:00
0.5708757704254125,0.697075305512206,0.059958960993014024,0.31056036181269714,0.39251128771886845,21.53819060415201,2.8778617172019647,0.6685059064340063,0.258221725546856,0.3121640486100025,4.11675339779283,1.2274494195754118,0.8052637269422516,0.13108944392083166,5.053106568655913,0.0,0.0,0.0,0.0,0.0,0.0,0.0,0.0,5.053106568655913,0.08,15.0,False,1029.1883494482074,1263.2766421639783,1263.2766421639783,101.06213137311826,568.4744889737902,514.5941747241037,2026-01-05 08:00:00
0.684381375269584,0.7003609320496039,0.03,0.3307733762601096,0.440973396240267,22.11558298709612,3.1057406315881533,0.6975187828509796,0.26776607347523396,0.31226665093093237,4.3832921388453,1.2262895982649153,0.8530283387722756,0.138865078404789,5.375185556022364,0.0,0.0,0.0,0.0,0.0,0.0,0.0,0.0,5.375185556022364,0.08,15.0,False,1095.823034711325,1343.796389005591,1343.796389005591,107.50371112044728,604.708375052516,547.9115173556625,2026-01-05 08:15:00
0.6903101689078652,0.6812984118965513,0.03,0.38900835114187793,0.4486817603379946,22.44589496232351,3.141986962915401,0.7021335596687412,0.26961248134336957,0.3127659420776048,4.426498946005117,1.227209448295555,0.8649384497263032,0.140803933676375,5.432241329407796,0.0,0.0,0.0,0.0,0.0,0.0,0.0,0.0,5.432241329407796,0.08,15.0,False,1106.6247365012794,1358.060332351949,1358.060332351949,108.64482658815592,611.127149558377,553.3123682506397,2026-01-05 08:30:00
0.7880927642660732,0.7086500726264799,0.03,0.4287629290329146,0.4727523376224835,23.246160010934585,3.2551718239871423,0.7165439249076314,0.2798131001525019,0.31976566341343654,4.571294512460712,1.229253960405124,0.901269139197453,0.1467182319623761,5.619281883620541,0.0,0.0,0.0,0.0,0.0,0.0,0.0,0.0,5.619281883620541,0.08,15.0,False,1142.823628115178,1404.8204709051354,1404.8204709051354,112.38563767241084,632.1692119073109,571.411814057589,2026-01-05 08:45:00
0.7878396784716608,0.7796878840553612,0.03489199623808705,0.45138280998471214,0.4944323409960488,24.506854164580172,3.357115709290349,0.7295231220120882,0.28274803965797973,0.33317826733357253,4.7025651382939895,1.2330276000858407,0.9424116228446292,0.15341584557935828,5.798392606717977,0.0,0.0,0.0,0.0,0.0,0.0,0.0,0.0,5.798392606717977,0.08,15.0,False,1175.6412845734974,1449.5981516794943,1449.5981516794943,115.96785213435955,652.3191682557724,587.8206422867487,2026-01-05 09:00:00
0.7290151194551603,0.7870143726195686,0.03,0.46146375551347474,0.5365746093060867,24.576216371292887,3.5552774204759556,0.7547524910947436,0.2783444010737683,0.33473941815441777,4.923113730798885,1.2322977042155114,0.9835200948405403,0.16010792241590188,6.066741748055327,0.0,0.0,0.0,0.0,0.0,0.0,0.0,0.0,6.066741748055327,0.08,15.0,False,1230.7784326997214,1516.685437013832,1516.685437013832,121.33483496110655,682.5084466562244,615.3892163498607,2026-01-05 09:15:00
0.6965292135412305,0.7362242348425739,0.03,0.47059766121975954,0.5771190235506087,25.83491473326889,3.7459256894918607,0.779025270710915,0.2744537149106619,0.3269322533030038,5.126336928416441,1.2359185167308573,1.040082111796578,0.1693156926180477,6.3357347328310665,0.0,0.0,0.0,0.0,0.0,0.0,0.0,0.0,6.3357347328310665,0.08,15.0,False,1281.5842321041102,1583.9336832077665,1583.9336832077665,126.71469465662132,712.770157443495,640.7921160520551,2026-01-05 09:30:00
0.6122536418553491,0.8272013114706395,0.04652965382584219,0.6066625876092056,0.6738552179963703,26.408784345123188,4.2007993969042765,0.8369384598009834,0.27502094680672146,0.35139487789246016,5.664153681404441,1.236367150259505,1.1513850833026888,0.18743478100276323,7.002973545709893,0.0,0.0,0.0,0.0,0.0,0.0,0.0,0.0,7.002973545709893,0.08,15.0,False,1416.0384203511103,1750.7433864274733,1750.7433864274733,140.05947091419787,787.834523892363,708.0192101755551,2026-01-05 09:45:00
0.579276546075796,0.9125964885597245,0.08886473173367726,0.5617206799024984,0.5719271230331952,26.739712063545166,3.721512293343675,0.7759170285671702,0.2741909672960536,0.3650783394737865,5.136698628680685,1.2390481700026945,1.0560098300556624,0.17190857698580553,6.364617035722153,0.0,0.0,0.0,0.0,0.0,0.0,0.0,0.0,6.364617035722153,0.08,15.0,False,1284.1746571701713,1591.1542589305384,1591.1542589305384,127.29234071444307,716.0194165187423,642.0873285850856,2026-01-05 10:00:00
0.5823916979001839,0.8983424957355521,0.06777125015117387,0.5249536857885814,0.5631974834448268,27.00654327768715,3.6804637122341317,0.7706908433624919,0.2723920202368967,0.3592263404478587,5.082772916281379,1.2401783993757318,1.049864146543593,0.1709081168791895,6.3035451797041615,0.0,0.0,0.0,0.0,0.0,0.0,0.0,0.0,6.3035451797041615,0.08,15.0,False,1270.6932290703448,1575.8862949260404,1575.8862949260404,126.07090359408323,709.1488327167182,635.3466145351724,2026-01-05 10:15:00
0.6536280741976381,0.9205964763317364,0.050140905853077095,0.5183864281537378,0.5461373263975646,27.11721245042578,3.6002433052852396,0.7604774159411939,0.2783696194681277,0.3614836731480576,5.00057401384262,1.2408794948438324,1.0359007384499013,0.16863500393370479,6.205109756226226,0.0,0.0,0.0,0.0,0.0,0.0,0.0,0.0,6.205109756226226,0.08,15.0,False,1250.143503460655,1551.2774390565564,1551.2774390565564,124.10219512452451,698.0748475754505,625.0717517303275,2026-01-05 10:30:00
0.7632058181977375,0.9536191091012891,0.07071651607700338,0.47863697417259876,0.5867483206503094,27.360214408475574,3.7912046473484495,0.7847900551014368,0.2874945482432295,0.36561450043471305,5.229103751127829,1.2409010472040347,1.0833390498433066,0.1763575197419336,6.488800320713069,0.0,0.0,0.0,0.0,0.0,0.0,0.0,0.0,6.488800320713069,0.08,15.0,False,1307.275937781957,1622.2000801782672,1622.2000801782672,129.7760064142614,729.9900360802202,653.6379688909785,2026-01-05 10:45:00
0.6478675742495914,0.968615664106447,0.03,0.48860813265241293,0.5960312493139771,28.395167793372174,3.8348549087741777,0.7903474786292977,0.27793868112854947,0.36639620430202613,5.269537272834051,1.244390813645382,1.1075307914126202,0.18029571022996138,6.557363774476633,0.0,0.0,0.0,0.0,0.0,0.0,0.0,0.0,6.557363774476633,0.08,15.0,False,1317.3843182085127,1639.3409436191582,1639.3409436191582,131.14727548953266,737.7034246286212,658.6921591042563,2026-01-05 11:00:00
0.6620134932820768,0.9444065931725986,0.04612497243356954,0.5072483942740325,0.5894147358080136,28.653819559743255,3.803742686034328,0.7863863614902242,0.2793223759184875,0.36448616574217413,5.2339375891852145,1.245412593364194,1.1046478096507217,0.17982638761755942,6.518411786453496,0.0,0.0,0.0,0.0,0.0,0.0,0.0,0.0,6.518411786453496,0.08,15.0,False,1308.4843972963035,1629.602946613374,1629.602946613374,130.3682357290699,733.3213259760182,654.2421986481518,2026-01-05 11:15:00
0.5761534225054349,0.9268940778200679,0.06428529430690709,0.49907517564855114,0.5472128301428575,29.29657615704215,3.6053005476003857,0.7611212892310735,0.2718017930907687,0.36211880007147895,5.000342429993707,1.2485081765156063,1.068658342138963,0.17396763709238927,6.2429684092250595,0.0,0.0,0.0,0.0,0.0,0.0,0.0,0.0,6.2429684092250595,0.08,15.0,False,1250.0856074984267,1560.7421023062648,1560.7421023062648,124.85936818450118,702.3339460378191,625.0428037492134,2026-01-05 11:30:00
0.5977255925327688,0.9097387778559991,0.07729275671363019,0.5350637314585108,0.5736639604036741,30.184801288437292,3.7296792639218395,0.7769568233578537,0.2745196351659744,0.3622806103813743,5.143436332827042,1.2510819830036537,1.1106248067533586,0.1807993871458955,6.434860526726296,0.0,0.0,0.0,0.0,0.0,0.0,0.0,0.0,6.434860526726296,0.08,15.0,False,1285.8590832067605,1608.715131681574,1608.715131681574,128.6972105345259,723.9218092567082,642.9295416033802,2026-01-05 11:45:00
0.5711315673764408,0.8902522350845667,0.14015495186387944,0.5070089724016978,0.6161998126051745,30.351556983615968,3.9296916884305526,0.8024218198440849,0.2720635006656687,0.3608864090503158,5.365063417990623,1.2509418056332682,1.1578340832449021,0.1884846182026585,6.711382119438183,0.0,0.0,0.0,0.0,0.0,0.0,0.0,0.0,6.711382119438183,0.08,15.0,False,1341.2658544976557,1677.8455298595459,1677.8455298595459,134.22764238876368,755.0304884367956,670.6329272488279,2026-01-05 12:00:00
0.4372845037086367,0.8288955213875158,0.03,0.5034146777730211,0.5252465399853812,30.38076082269219,3.5020104822915794,0.7479707004283425,0.2568852917958647,0.34427346228178685,4.851139936797573,1.252917168488605,1.0551654560108754,0.17177112074595646,6.078076513554405,0.0,0.0,0.0,0.0,0.0,0.0,0.0,0.0,6.078076513554405,0.08,15.0,False,1212.7849841993932,1519.519128388601,1519.519128388601,121.56153027108809,683.7836077748705,606.3924920996966,2026-01-05 12:15:00
0.5015544477101355,0.7180437018539365,0.03,0.4931171390921435,0.4844250409518908,30.184131212971092,3.3100593029643086,0.7235320380847241,0.25855696996782285,0.3253421900242556,4.617490501041112,1.2533069664888763,1.005892559984536,0.16374995162538952,5.787133012651037,0.0,0.0,0.0,0.0,0.0,0.0,0.0,0.0,5.787133012651037,0.08,15.0,False,1154.372625260278,1446.7832531627594,1446.7832531627594,115.74266025302074,651.0524639232417,577.186312630139,2026-01-05 12:30:00
0.45291257825665987,0.6800860734441884,0.03,0.4812110099314986,0.5551032868908009,30.61871140023322,3.642403116444219,0.7658450797033859,0.2530187175869252,0.3183354141970468,4.979602327931577,1.2532175945264994,1.0843937139325557,0.17652920924483473,6.240525251108967,0.0,0.0,0.0,0.0,0.0,0.0,0.0,0.0,6.240525251108967,0.08,15.0,False,1244.9005819828942,1560.1313127772419,1560.1313127772419,124.81050502217936,702.0590907497589,622.4502909914471,2026-01-05 12:45:00
0.41692466693557206,0.794179842055822,0.05532752875693063,0.46939391357193033,0.5231375342898257,30.692915346600543,3.4920934988378924,0.7467080991203365,0.2535503058587936,0.33785846838476213,4.830210372201785,1.2541005026784162,1.055528639912317,0.17183024370665634,6.057569255820758,0.0,0.0,0.0,0.0,0.0,0.0,0.0,0.0,6.057569255820758,0.08,15.0,False,1207.5525930504464,1514.3923139551896,1514.3923139551896,121.15138511641517,681.4765412798354,603.7762965252232,2026-01-05 13:00:00
0.3537470907140745,0.8408679109651491,0.09112426564608044,0.46329783229480814,0.5429564625294141,30.921477958513133,3.5852862217575114,0.7585731238432734,0.2502293654157055,0.34721532073327677,4.941304031749767,1.2544315256515608,1.081212230215419,0.17601129329088216,6.198527555256068,0.0,0.0,0.0,0.0,0.0,0.0,0.0,0.0,6.198527555256068,0.08,15.0,False,1235.3260079374418,1549.631888814017,1549.631888814017,123.97055110512136,697.3343499663076,617.6630039687209,2026-01-05 13:15:00
0.330425023250615,0.9157694334636683,0.0872203974349077,0.4743240299185072,0.529843877092234,30.545625506842615,3.5236281176141198,0.7507229944864805,0.25081697426329685,0.36003949488730513,4.885207581251202,1.2533488364375482,1.0643890245606582,0.17327263190522357,6.122869237717084,0.0,0.0,0.0,0.0,0.0,0.0,0.0,0.0,6.122869237717084,0.08,15.0,False,1221.3018953128005,1530.717309429271,1530.717309429271,122.45738475434167,688.8227892431719,610.6509476564003,2026-01-05 13:30:00
0.38249696825373813,0.8494080515916274,0.18690790643668598,0.4969678894462621,0.5670610012859352,31.384671482092916,3.6986307767347344,0.7730038208428125,0.25586764607580026,0.3561797026510785,5.083681946304425,1.2554984762416626,1.1170307722411055,0.1818422187369242,6.382554937282455,0.0,0.0,0.0,0.0,0.0,0.0,0.0,0.0,6.382554937282455,0.08,15.0,False,1270.9204865761064,1595.6387343206138,1595.6387343206138,127.65109874564911,718.0374304442762,635.4602432880532,2026-01-05 13:45:00
0.38814138353052374,0.7455658817551297,0.3218139012082751,0.48897143160660983,0.4862192541366932,30.809746829783165,3.3184960665555923,0.7246061821321997,0.2556562605649232,0.3462229410906627,4.644981450343378,1.2553624387698583,1.020092260432377,0.16606153076806152,5.831135241543817,0.0,0.0,0.0,0.0,0.0,0.0,0.0,0.0,5.831135241543817,0.08,15.0,False,1161.2453625858445,1457.7838103859542,1457.7838103859542,116.62270483087634,656.0027146736794,580.6226812929223,2026-01-05 14:00:00
0.4296794667008804,0.735752522289943,0.4507791510980428,0.5012915999737233,0.4995929805224045,30.386804301398993,3.381382109756295,0.7326126490958014,0.2617573411279754,0.3527111981083038,4.728463298088376,1.2534866755537777,1.0307981000430073,0.1678043418674664,5.92706573999885,0.0,0.0,0.0,0.0,0.0,0.0,0.0,0.0,5.92706573999885,0.08,15.0,False,1182.115824522094,1481.7664349997124,1481.7664349997124,118.54131479997699,666.7948957498705,591.057912261047,2026-01-05 14:15:00
0.470005054809449,0.7519151302315891,0.5338255439656517,0.48158858663169973,0.5760139951881575,30.551206799575183,3.7407296162857158,0.7783637218783277,0.2665627362453451,0.35886872136889725,5.144524795778286,1.252360536295915,1.1165165313472067,0.1817585051030337,6.442799832228526,0.0,0.0,0.0,0.0,0.0,0.0,0.0,0.0,6.442799832228526,0.08,15.0,False,1286.1311989445715,1610.6999580571314,1610.6999580571314,128.85599664457052,724.8149811257092,643.0655994722857,2026-01-05 14:30:00
0.568744193344722,0.7613692315248889,0.45712117113930145,0.4980443696752809,0.5738093133807005,30.489154704094773,3.7303627438532376,0.7770438420222902,0.27402060244601445,0.35709469132779176,5.138521879649334,1.2521647133235176,1.114348351152022,0.18140554553637567,6.434275776337731,0.0,0.0,0.0,0.0,0.0,0.0,0.0,0.0,6.434275776337731,0.08,15.0,False,1284.6304699123334,1608.5689440844328,1608.5689440844328,128.6855155267546,723.8560248379948,642.3152349561667,2026-01-05 14:45:00
0.548206552591309,0.8381245381431057,0.5091260603228825,0.48245767157602076,0.6707943862777421,30.747365226500353,4.18640672951029,0.8351060275132612,0.27512222081893767,0.3717397933322975,5.668374771174787,1.2515429058298337,1.2262219366954896,0.1996175245783356,7.094214232448612,0.0,0.0,0.0,0.0,0.0,0.0,0.0,0.0,7.094214232448612,0.08,15.0,False,1417.0936927936968,1773.553558112153,1773.553558112153,141.88428464897225,798.0991011504689,708.5468463968484,2026-01-05 15:00:00
0.4660410290759176,0.7906352866854537,0.47454417584253517,0.51152771144303,0.6363888674486498,30.49682161456128,4.024624823627981,0.8145084287643427,0.26720049483076386,0.3637574465723924,5.47009119379548,1.251151684237067,1.1814874499767911,0.19233516627529168,6.843913810047563,0.0,0.0,0.0,0.0,0.0,0.0,0.0,0.0,6.843913810047563,0.08,15.0,False,1367.52279844887,1710.9784525118907,1710.9784525118907,136.87827620095126,769.9403036303509,683.761399224435,2026-01-05 15:15:00
0.5679835121299007,0.8059055437194315,0.3673511785151875,0.5657355766065214,0.6665046353941484,30.5355905977729,4.166235428587448,0.8325378765177188,0.27573850648788917,0.36357082881364083,5.638082640406697,1.250869297187412,1.2164027733557035,0.19801905612767268,7.052504469890073,0.0,0.0,0.0,0.0,0.0,0.0,0.0,0.0,7.052504469890073,0.08,15.0,False,1409.5206601016744,1763.1261174725184,1763.1261174725184,141.0500893978015,793.4067528626333,704.7603300508372,2026-01-05 15:30:00
0.5666736064667857,0.7268944197772296,0.2066517980088286,0.5675255002205387,0.6097359741892395,29.815576561706063,3.899297375720436,0.7985521049087969,0.2701559338623384,0.3415071615710315,5.309512576062603,1.2492353425508849,1.1380536396789465,0.18526454599424724,6.632830761735796,0.0,0.0,0.0,0.0,0.0,0.0,0.0,0.0,6.632830761735796,0.08,15.0,False,1327.3781440156506,1658.2076904339492,1658.2076904339492,132.65661523471593,746.1934606952772,663.6890720078253,2026-01-05 15:45:00
0.6628121501402098,0.7691152210856357,0.22151077478973938,0.5267533674755088,0.6180544529445329,30.083783228114726,3.9384125930714062,0.8035321398983595,0.2782974790182622,0.3467662001635244,5.367008412151553,1.249998808860328,1.1539013107558735,0.1878443994253749,6.7087541223328016,0.0,0.0,0.0,0.0,0.0,0.0,0.0,0.0,6.7087541223328016,0.08,15.0,False,1341.7521030378882,1677.1885305832004,1677.1885305832004,134.17508244665603,754.7348387624402,670.8760515189441,2026-01-05 16:00:00
0.6979939896627243,0.7680056274949927,0.25379384218438067,0.527956794643567,0.5860229574007805,30.568722391464757,3.7877938384736094,0.7843558008983472,0.28184918504136214,0.3484948868675742,5.202493711280893,1.2522203844960524,1.1284704692099028,0.18370449498765873,6.514668675478455,0.0,0.0,0.0,0.0,0.0,0.0,0.0,0.0,6.514668675478455,0.08,15.0,False,1300.6234278202232,1628.6671688696138,1628.6671688696138,130.2933735095691,732.9002259913262,650.3117139101116,2026-01-05 16:15:00
0.6972650675769207,0.7170465071813654,0.3228523425491665,0.5705145398355074,0.5613265008575776,30.304413593991033,3.671665962944509,0.769570739672447,0.2830484214427386,0.34667971109483653,5.0709648351545304,1.2517649396293116,1.0979543938031362,0.178736761781906,6.347655990739573,0.0,0.0,0.0,0.0,0.0,0.0,0.0,0.0,6.347655990739573,0.08,15.0,False,1267.7412087886325,1586.9139976848933,1586.9139976848933,126.95311981479146,714.111298958202,633.8706043943163,2026-01-05 16:30:00
0.7298801202255438,0.7166665965733415,0.22272858387449457,0.5970233413493271,0.5611859563165226,30.768868245732104,3.671005093279203,0.769486599680913,0.28462165573589804,0.34258022917851144,5.067693577874525,1.253402782785567,1.104384183246638,0.17978347169131315,6.351861232812476,0.0,0.0,0.0,0.0,0.0,0.0,0.0,0.0,6.351861232812476,0.08,15.0,False,1266.9233944686314,1587.965308203119,1587.965308203119,127.03722465624953,714.5843886914037,633.4616972343157,2026-01-05 16:45:00
0.8592554056395535,0.7198525043402908,0.21296935190615315,0.6166102976943109,0.5648976079587773,29.998970119011876,3.688458051324626,0.771708659217428,0.2958531250833946,0.3437762729488187,5.099796108574267,1.2505891050331142,1.0990398747211263,0.17891346797785768,6.377749451273251,0.0,0.0,0.0,0.0,0.0,0.0,0.0,0.0,6.377749451273251,0.15,15.0,False,1274.9490271435668,1594.4373628183127,1594.4373628183127,239.1656044227469,717.4968132682408,637.4745135717834,2026-01-05 17:00:00
0.9711270116029096,0.7162858431939154,0.27227851947614845,0.6527043172607998,0.6010166305118967,29.558640159241413,3.8582972081260847,0.7933320835711747,0.30735252149249354,0.34882024646335746,5.30780205965311,1.2483414103492037,1.1336064624398483,0.1845405869088126,6.625949109001771,0.0,0.0,0.0,0.0,0.0,0.0,0.0,0.0,6.625949109001771,0.15,15.0,False,1326.9505149132774,1656.4872772504427,1656.4872772504427,248.4730915875664,745.4192747626993,663.4752574566387,2026-01-05 17:15:00
0.9323497789185174,0.8499868548899783,0.2704712222109982,0.6754455553985668,0.651235757285295,29.470183296190804,4.094437987792972,0.8233968364946175,0.30884035404319354,0.3721967270823691,5.598871905413152,1.2472314100235669,1.1904266163162998,0.19379037940032795,6.98308890112978,0.0,0.0,0.0,0.0,0.0,0.0,0.0,0.0,6.98308890112978,0.15,15.0,False,1399.7179763532881,1745.772225282445,1745.772225282445,261.86583379236674,785.5975013771003,699.8589881766441,2026-01-05 17:30:00
0.9050491214962482,0.8162267125985437,0.2063121882709799,0.7129438527587003,0.7015298030609792,28.95317878788005,4.330931052191762,0.8535064412790486,0.3055494651866973,0.3653241176710363,5.855311076328544,1.2448987031939787,1.2332039568755717,0.20075413251462804,7.289269165718744,0.0,0.0,0.0,0.0,0.0,0.0,0.0,0.0,7.289269165718744,0.15,15.0,False,1463.827769082136,1822.3172914296858,1822.3172914296858,273.34759371445284,820.0427811433586,731.913884541068,2026-01-05 17:45:00
0.9381942360966335,0.8835712480164012,0.26960442646240573,0.7409557353001881,0.7543276629619137,28.659095071876234,4.579197571400814,0.8851150078710305,0.31246796224826734,0.3817869622470818,6.158567503767195,1.2434706963123299,1.2895104178486696,0.2099203005800161,7.6579982221958804,0.0,0.0,0.0,0.0,0.0,0.0,0.0,0.0,7.6579982221958804,0.15,15.0,False,1539.6418759417986,1914.4995555489702,1914.4995555489702,287.1749333323455,861.5247999970366,769.8209379708993,2026-01-05 18:00:00
0.8385744457731305,0.6377710730340584,0.3214512338041953,0.7794493406760958,0.7021356910844754,28.127633174779874,4.333780063702949,0.8538691690860827,0.29923384237788586,0.34659599951206216,5.833479074678979,1.2420471968015354,1.214300441558757,0.1976768160677047,7.245456332305441,0.0,0.0,0.0,0.0,0.0,0.0,0.0,0.0,7.245456332305441,0.15,15.0,False,1458.3697686697449,1811.3640830763602,1811.3640830763602,271.704612461454,815.1138373843621,729.1848843348724,2026-01-05 18:15:00
0.8287101119742707,0.6188588623540983,0.3279732646645902,0.7884719140216117,0.7119434051135545,27.771923529090817,4.379897975072197,0.8597407665823625,0.29828435679332693,0.34441168850481546,5.882334786952702,1.2407191042756627,1.2177517104297502,0.19823865053507572,7.298325147917528,0.0,0.0,0.0,0.0,0.0,0.0,0.0,0.0,7.298325147917528,0.15,15.0,False,1470.5836967381756,1824.581286979382,1824.581286979382,273.6871930469073,821.0615791407218,735.2918483690878,2026-01-05 18:30:00
0.7924104602205322,0.6480823725158251,0.34670876091237784,0.8073116637391302,0.702324518743368,27.187299983586534,4.334667970631215,0.8539822147974375,0.297149212385311,0.35147725728034984,5.837276655094314,1.238749348760045,1.1985355599449439,0.1951104399910375,7.230922655030295,0.0,0.0,0.0,0.0,0.0,0.0,0.0,0.0,7.230922655030295,0.15,15.0,False,1459.3191637735786,1807.730663757574,1807.730663757574,271.15959956363605,813.4787986909083,729.6595818867893,2026-01-05 18:45:00
0.7788842508737506,0.63976357079429,0.3356763125071403,0.7962538036610022,0.6938318219889119,27.051061107121946,4.294733544010837,0.8488978804813797,0.29520110195576144,0.3487854121055099,5.787617938553488,1.2383628394125015,1.1864156189307706,0.19313742633756736,7.167170983821826,0.0,0.0,0.0,0.0,0.0,0.0,0.0,0.0,7.167170983821826,0.15,15.0,False,1446.904484638372,1791.7927459554567,1791.7927459554567,268.7689118933185,806.3067356799555,723.452242319186,2026-01-05 19:00:00
0.68899860411873,0.7719710594846755,0.4403671999259683,0.7773725814729746,0.7373334682281747,27.07402011045883,4.499287332970269,0.8749410701976781,0.29316003503091487,0.3753692116589584,6.042757649857821,1.2380470611336782,1.2370762017348675,0.20138449795683888,7.481218349549527,0.0,0.0,0.0,0.0,0.0,0.0,0.0,0.0,7.481218349549527,0.15,15.0,False,1510.6894124644552,1870.3045873873818,1870.3045873873818,280.54568810810724,841.6370643243218,755.3447062322276,2026-01-05 19:15:00
0.5628942908718827,0.7587423210335084,0.36277897994936575,0.8078819872899896,0.7656930702820484,26.583662100549002,4.63264008062481,0.8919191517283295,0.2818237535649933,0.3706823669557545,6.177065352873887,1.2361900746883403,1.2547069132630364,0.20425461378700582,7.6360268799239295,0.0,0.0,0.0,0.0,0.0,0.0,0.0,0.0,7.6360268799239295,0.15,15.0,False,1544.266338218472,1909.0067199809823,1909.0067199809823,286.35100799714735,859.053023991442,772.133169109236,2026-01-05 19:30:00
0.42541377778239,0.8466578389561302,0.34536387041320604,0.8004039274206167,0.7583378001448726,26.3473621061141,4.598054070543622,0.887515762152139,0.2724925911590015,0.38372695222781467,6.141789376082578,1.235395460433005,1.243344430736328,0.2024049073291696,7.587538714148075,0.0,0.0,0.0,0.0,0.0,0.0,0.0,0.0,7.587538714148075,0.15,15.0,False,1535.4473440206443,1896.8846785370188,1896.8846785370188,284.5327017805528,853.5981053416584,767.7236720103222,2026-01-05 19:45:00
0.37068056652944703,0.8246417762417562,0.37768385801374227,0.803227444342121,0.7480099156800752,26.485837179632888,4.549490209590175,0.8813327535136759,0.26805228366345984,0.38211023220044815,6.080985478967759,1.2359436035038158,1.2339018790153466,0.20086774774668426,7.51575510572979,0.0,0.0,0.0,0.0,0.0,0.0,0.0,0.0,7.51575510572979,0.15,15.0,False,1520.2463697419398,1878.9387764324474,1878.9387764324474,281.8408164648671,845.5224493946014,760.1231848709699,2026-01-05 20:00:00
0.3640209133488532,0.8080387483648837,0.4530138856313538,0.7875600088965835,0.7046368457220409,26.120024906411533,4.345541013048948,0.8553665387345244,0.2679841993901123,0.3826760736182474,5.851567824791832,1.234989075628307,1.182546882146792,0.19250763197738463,7.226622338916009,0.0,0.0,0.0,0.0,0.0,0.0,0.0,0.0,7.226622338916009,0.15,15.0,False,1462.891956197958,1806.6555847290022,1806.6555847290022,270.9983377093503,812.995013128051,731.445978098979,2026-01-05 20:15:00
0.3654141483863966,0.7883454294520198,0.3578166856336398,0.7541246686742707,0.649519878975961,25.014512695154178,4.086369571079796,0.8223695892935738,0.2645228199945005,0.37191982984703625,5.545181810214907,1.2317676840129106,1.1052667932022644,0.17992715238176404,6.8303757557989355,0.0,0.0,0.0,0.0,0.0,0.0,0.0,0.0,6.8303757557989355,0.15,15.0,False,1386.2954525537268,1707.593938949734,1707.593938949734,256.13909084246006,768.4172725273803,693.1477262768634,2026-01-05 20:30:00
0.5053590155749125,0.7811280249013609,0.32127828623283383,0.7329028694106324,0.6965159987372903,24.3745582969162,4.307355101390477,0.8505048202258119,0.2744391848204314,0.36732277073150454,5.799621877168224,1.2289726591534558,1.142041165237798,0.18591367806196724,7.12757672046799,0.0,0.0,0.0,0.0,0.0,0.0,0.0,0.0,7.12757672046799,0.15,15.0,False,1449.905469292056,1781.8941801169974,1781.8941801169974,267.2841270175496,801.8523810526489,724.952734646028,2026-01-05 20:45:00
0.5629679409808933,0.8905757716102068,0.26177468014653615,0.7410314058196088,0.7849403141852028,24.278353167552673,4.723144624884174,0.9034419254120826,0.2815390690474532,0.38250181695510727,6.290627436298818,1.228038982529982,1.2336771208419437,0.20083115920682815,7.72513571634759,0.0,0.0,0.0,0.0,0.0,0.0,0.0,0.0,7.72513571634759,0.15,15.0,False,1572.6568590747045,1931.2839290868974,1931.2839290868974,289.6925893630346,869.0777680891039,786.3284295373522,2026-01-05 21:00:00
0.057415108690294286,0.6957206049675342,0.3559739907549555,0.7257750068679079,0.6587046871283279,24.164642540773386,4.12955844945232,0.8278682708814904,0.23536330615218296,0.35476100267095206,5.547551029156946,1.2287871948065108,1.091519428685839,0.17768920932095056,6.816759667163735,0.0,0.0,0.0,0.0,0.0,0.0,0.0,0.0,6.816759667163735,0.15,15.0,False,1386.8877572892363,1704.1899167909337,1704.1899167909337,255.62848751864004,766.8854625559202,693.4438786446182,2026-01-05 21:15:00
0.07295712167069113,0.5844275654603841,0.34167315278150884,0.6587969941285506,0.5879579657675887,24.21933411040181,3.796892650296082,0.7855142349889157,0.23084256221199195,0.3313967257606665,5.144646173257656,1.2301985509662785,1.018489481113585,0.1658006132045371,6.328936267575778,0.0,0.0,0.0,0.0,0.0,0.0,0.0,0.0,6.328936267575778,0.15,15.0,False,1286.161543314414,1582.2340668939446,1582.2340668939446,237.33511003409168,712.0053301022751,643.080771657207,2026-01-05 21:30:00
0.04,0.6059922829239429,0.37944448450309753,0.6267384215858635,0.5939291816375354,23.87952740078518,3.824970549329472,0.7890890309146302,0.22845182942427952,0.3350968029711578,5.17760821263954,1.228893618210561,1.0192044706222905,0.16591700684548916,6.36272969010732,0.0,0.0,0.0,0.0,0.0,0.0,0.0,0.0,6.36272969010732,0.15,15.0,False,1294.402053159885,1590.68242252683,1590.68242252683,238.60236337902447,715.8070901370735,647.2010265799425,2026-01-05 21:45:00
0.04,0.6578434670243473,0.4637011958982478,0.637980864240416,0.5921254080348359,23.08211151507758,3.8164888306646696,0.78800916331877,0.23203436257994625,0.34914699460018933,5.185679351163575,1.2260747835957213,1.0082221499155513,0.1641291871955548,6.358030688274681,0.0,0.0,0.0,0.0,0.0,0.0,0.0,0.0,6.358030688274681,0.08,15.0,False,1296.4198377908938,1589.5076720686702,1589.5076720686702,127.16061376549362,715.2784524309017,648.2099188954469,2026-01-05 22:00:00
0.04505050487521026,0.7381495053626272,0.43250410629333225,0.6019132506383089,0.6358377859035655,22.842559408862094,4.022033523578033,0.8141785120262763,0.23302909275931044,0.3583633175917937,5.427604445955414,1.2244790935454213,1.0478100044900058,0.1705737216611638,6.645988172106583,0.0,0.0,0.0,0.0,0.0,0.0,0.0,0.0,6.645988172106583,0.08,15.0,False,1356.9011114888533,1661.4970430266458,1661.4970430266458,132.91976344213165,747.6736693619906,678.4505557444267,2026-01-05 22:15:00
0.0946298218724925,0.7782869704458267,0.4668834838364256,0.5315407123664105,0.5372451517442005,21.593257814807888,3.558430450492794,0.7551539256481068,0.23667321273701977,0.36253688778874554,4.912794476666666,1.2233236450540912,0.9435431261404934,0.1536000437903129,6.009937646597472,0.0,0.0,0.0,0.0,0.0,0.0,0.0,0.0,6.009937646597472,0.08,15.0,False,1228.1986191666665,1502.484411649368,1502.484411649368,120.19875293194944,676.1179852422156,614.0993095833333,2026-01-05 22:30:00
0.07908677351056659,0.7484137422861679,0.45275027813336144,0.5454222914784673,0.5303655973180754,20.682050497286955,3.5260813546338334,0.7510353334436246,0.23468011206325015,0.3576734362767288,4.8694702364174365,1.2235059207331456,0.9359856686588893,0.15236976001423785,5.957825665090564,0.0,0.0,0.0,0.0,0.0,0.0,0.0,0.0,5.957825665090564,0.08,15.0,False,1217.367559104359,1489.4564162726408,1489.4564162726408,119.15651330181127,670.2553873226884,608.6837795521795,2026-01-05 22:45:00
0.16176169196391504,0.8216708603601169,0.5008215837813589,0.5297943870646469,0.543962663745477,20.637027993827175,3.5900175891652917,0.7591755076937274,0.2441212364160989,0.37151511053533387,4.964829443810452,1.2231111526483598,0.9526295851235158,0.15507923478754915,6.072538263721517,0.0,0.0,0.0,0.0,0.0,0.0,0.0,0.0,6.072538263721517,0.08,15.0,False,1241.207360952613,1518.1345659303793,1518.1345659303793,121.45076527443034,683.1605546686707,620.6036804763065,2026-01-05 23:00:00
0.09414291116096085,0.8722292931888187,0.5126019126580992,0.4973309957302343,0.5350188669528909,20.70240690591437,3.547961996336819,0.7538211127043462,0.23920174141860126,0.3784943646621927,4.91947921512196,1.223295954017367,0.9447098319639685,0.15378997264529726,6.017979019731226,0.0,0.0,0.0,0.0,0.0,0.0,0.0,0.0,6.017979019731226,0.08,15.0,False,1229.86980378049,1504.4947549328065,1504.4947549328065,120.35958039462452,677.0226397197629,614.934901890245,2026-01-05 23:15:00
0.119129407731193,0.85018883814632,0.44579908910214944,0.45952733741486684,0.5481658631242228,20.252140140413545,3.609781906909626,0.7616918427821522,0.23803724649765645,0.3686927993724139,4.978203795561848,1.2230576703922722,0.9549668255833542,0.15545971579263906,6.088630336937841,0.0,0.0,0.0,0.0,0.0,0.0,0.0,0.0,6.088630336937841,0.08,15.0,False,1244.550948890462,1522.1575842344603,1522.1575842344603,121.77260673875682,684.9709129055071,622.275474445231,2026-01-05 23:30:00
0.30950793834831913,0.8871181166010165,0.43601704919368456,0.4554837550931826,0.5255349669504651,19.78333525538991,3.503366725874213,0.7481433733917899,0.2545282022278586,0.37397544377851366,4.880013745272375,1.2234611136368354,0.9378242432302009,0.152669062851428,5.970507051354004,0.0,0.0,0.0,0.0,0.0,0.0,0.0,0.0,5.970507051354004,0.08,15.0,False,1220.003436318094,1492.626762838501,1492.626762838501,119.41014102708009,671.6820432773254,610.001718159047,2026-01-05 23:45:00
0.31649417538003277,0.9662202204109135,0.49812562197210236,0.3023640897741785,0.47462230090690527,19.620259895834526,3.2639647803028575,0.7176634183702661,0.25362988022417204,0.38097648429344505,4.616234563190741,1.2246686842289265,0.8919260770475751,0.14519726835658198,5.653357908594898,0.0,0.0,0.0,0.0,0.0,0.0,0.0,0.0,5.653357908594898,0.08,15.0,False,1154.0586407976853,1413.3394771487244,1413.3394771487244,113.06715817189796,636.002764716926,577.0293203988426,2026-01-06 00:00:00
0.403574118800877,0.7963902367911709,0.48803193225289576,0.3269539254193439,0.5252137074255089,19.45623439402303,3.501856096765887,0.7479510445150714,0.256384148165244,0.35392460090485234,4.860115890351055,1.2235459154564579,0.9343547881023838,0.1521042678306207,5.946574946284059,0.0,0.0,0.0,0.0,0.0,0.0,0.0,0.0,5.946574946284059,0.08,15.0,False,1215.0289725877637,1486.6437365710149,1486.6437365710149,118.9314989256812,668.9896814569568,607.5144862938819,2026-01-06 00:15:00
0.39186153762701514,0.832875570179671,0.36970592720293655,0.3363316805221793,0.5257152494628049,19.431226997856864,3.5042144517459968,0.7482513033686367,0.2544663354024188,0.3537992822706008,4.860731372787653,1.223543276975635,0.9344620848312567,0.15212173473997204,5.947315192358881,0.0,0.0,0.0,0.0,0.0,0.0,0.0,0.0,5.947315192358881,0.08,15.0,False,1215.1828431969132,1486.8287980897203,1486.8287980897203,118.94630384717763,669.0729591403741,607.5914215984566,2026-01-06 00:30:00
0.4162827063332298,0.8185310362333039,0.42087122414075956,0.3383808315719333,0.4970920484628563,18.6534521494533,3.369622207018431,0.7311154126984442,0.2571381824099265,0.3544716781122705,4.712347480239072,1.2242077960645392,0.9086287368378306,0.14791630599685612,5.768892523073759,0.0,0.0,0.0,0.0,0.0,0.0,0.0,0.0,5.768892523073759,0.08,15.0,False,1178.086870059768,1442.2231307684397,1442.2231307684397,115.37785046147518,649.0004088457979,589.043435029884,2026-01-06 00:45:00
0.3969401351768732,0.8014904452023129,0.3385439093797909,0.33794870429368246,0.425637328372352,18.909801663881016,3.0336272505711013,0.6883375182434426,0.253388551712086,0.3469502896448818,4.322303610171511,1.226226761388152,0.8409258428202594,0.13689490464515852,5.300124357636929,0.0,0.0,0.0,0.0,0.0,0.0,0.0,0.0,5.300124357636929,0.08,15.0,False,1080.5759025428779,1325.0310894092322,1325.0310894092322,106.00248715273858,596.2639902341546,540.2879512714389,2026-01-06 01:00:00
0.37463022563161724,0.8880295874878766,0.43555193411454285,0.3303217135340738,0.38974494873411625,18.128740184453417,2.8648538158971513,0.6668497785117836,0.255789456010625,0.36626748725777136,4.153760537677331,1.2272212085402163,0.8116873408476236,0.13213514851007824,5.097583027035033,0.0,0.0,0.0,0.0,0.0,0.0,0.0,0.0,5.097583027035033,0.08,15.0,False,1038.4401344193327,1274.3957567587584,1274.3957567587584,101.95166054070067,573.4780905414412,519.2200672096664,2026-01-06 01:15:00
0.3172739067157605,0.6852367304361,0.458856282649621,0.3497400464782284,0.3291756779714356,17.505356067637287,2.580044506362708,0.6305886908100813,0.24612802571049014,0.33535406555601527,3.7921152884392955,1.2296035286219178,0.7487874240034345,0.12189562716334978,4.66279833960608,0.0,0.0,0.0,0.0,0.0,0.0,0.0,0.0,4.66279833960608,0.08,15.0,False,948.0288221098239,1165.69958490152,1165.69958490152,93.2559667921216,524.564813205684,474.01441105491193,2026-01-06 01:30:00
0.3461326961159432,0.616230238433979,0.421027595692713,0.32547813093045685,0.3557335343585139,17.89520717430313,2.704925071128879,0.6464881188120182,0.2449086189526167,0.3203002026334412,3.916622011526955,1.2287450779899638,0.7704808864361904,0.1254271210477519,4.8125300190108975,0.0,0.0,0.0,0.0,0.0,0.0,0.0,0.0,4.8125300190108975,0.08,15.0,False,979.1555028817388,1203.1325047527243,1203.1325047527243,96.25060038021795,541.409627138726,489.5777514408694,2026-01-06 01:45:00
0.284702626131638,0.5846830763751641,0.3856840387529735,0.28627104098071776,0.33910178917014644,17.328606281400933,2.626719145850176,0.6365311693009248,0.23690274474182701,0.31063209249456347,3.8107851523874916,1.2294722422843336,0.7520436958526954,0.12242571792950863,4.685254566169696,0.0,0.0,0.0,0.0,0.0,0.0,0.0,0.0,4.685254566169696,0.08,15.0,False,952.6962880968729,1171.313641542424,1171.313641542424,93.70509132339392,527.0911386940908,476.34814404843644,2026-01-06 02:00:00
0.32770187244505933,0.6181623852633837,0.3381358735759526,0.2988079183965523,0.3426836479742402,17.608162418987888,2.6435617909736564,0.6386755255824996,0.24092044796084064,0.31423477153359103,3.8373925360505874,1.229286700834144,0.7566822439810831,0.12318083041552519,4.717255610447196,0.0,0.0,0.0,0.0,0.0,0.0,0.0,0.0,4.717255610447196,0.08,15.0,False,959.3481340126468,1179.313902611799,1179.313902611799,94.34511220894392,530.6912561753096,479.6740670063234,2026-01-06 02:15:00
0.38375619559237134,0.6481732286364215,0.3593055911556654,0.3104132013068102,0.3762591977343283,17.717470534766438,2.8014410096599405,0.6587762456201193,0.2472441575623868,0.3211160078814059,4.0285774207238525,1.2280074791524973,0.7899493727521273,0.12859640951778817,4.947123202993768,0.0,0.0,0.0,0.0,0.0,0.0,0.0,0.0,4.947123202993768,0.08,15.0,False,1007.1443551809631,1236.780800748442,1236.780800748442,98.94246405987536,556.5513603367989,503.57217759048154,2026-01-06 02:30:00
0.3773530874468435,0.5850497914438824,0.3034734057167903,0.31754841491776453,0.3909700742435567,17.30388421831868,2.8706146108686466,0.6675832260666911,0.24396813006204296,0.3079731595017058,4.0901391264990865,1.2276157358212434,0.8006428231248389,0.13033720376450864,5.021119153388434,0.0,0.0,0.0,0.0,0.0,0.0,0.0,0.0,5.021119153388434,0.08,15.0,False,1022.5347816247717,1255.2797883471085,1255.2797883471085,100.42238306776868,564.8759047561988,511.2673908123858,2026-01-06 02:45:00
0.32474563127511374,0.5769438278775916,0.3052329271863681,0.3223762829600226,0.45212419769260875,17.268514347702755,3.1581740193837664,0.7041944483215429,0.23957741892566567,0.3070381299663812,4.408984016597356,1.2257439990672694,0.8559594480081087,0.13934223572225024,5.404285700327715,0.0,0.0,0.0,0.0,0.0,0.0,0.0,0.0,5.404285700327715,0.08,15.0,False,1102.246004149339,1351.0714250819287,1351.0714250819287,108.0857140065543,607.982141286868,551.1230020746694,2026-01-06 03:00:00
0.32339645224023505,0.5797211483463212,0.3418834937757614,0.31085015807378463,0.4521038915002551,17.332752518081165,3.158078535443632,0.7041822915857501,0.23989420627719388,0.308859940250817,4.411014973557393,1.2257329212740171,0.8563117143575059,0.1393995814070359,5.4067262693219345,0.0,0.0,0.0,0.0,0.0,0.0,0.0,0.0,5.4067262693219345,0.08,15.0,False,1102.753743389348,1351.6815673304836,1351.6815673304836,108.1345253864387,608.2567052987176,551.376871694674,2026-01-06 03:15:00
0.2677125615459726,0.802870652816041,0.2759150642604885,0.3246049800859525,0.4628844965331015,17.173703455071593,3.2087711826739223,0.710636331062387,0.24107663891241196,0.34278035410339164,4.503264506752113,1.2252410218922685,0.872315113442744,0.1420047859092839,5.517584406104141,0.0,0.0,0.0,0.0,0.0,0.0,0.0,0.0,5.517584406104141,0.08,15.0,False,1125.8161266880281,1379.3961015260352,1379.3961015260352,110.35168812208282,620.7282456867158,562.9080633440141,2026-01-06 03:30:00
0.29622363926563744,0.910891634991808,0.2379720892333594,0.3193196733378319,0.4622069665471819,17.619279104365216,3.2055852957538917,0.7102307132642759,0.24571557355542428,0.35811115802026944,4.519642740593862,1.2251559947254458,0.8751572050733635,0.14246745198868715,5.537267397655913,0.0,0.0,0.0,0.0,0.0,0.0,0.0,0.0,5.537267397655913,0.08,15.0,False,1129.9106851484655,1384.3168494139782,1384.3168494139782,110.74534795311826,622.9425822362901,564.9553425742328,2026-01-06 03:45:00
0.13800857691623014,0.8367509890559918,0.18664270004086367,0.3052824633531099,0.3738412236475181,18.065739860512604,2.790071192565149,0.6573286737851238,0.2289660178971081,0.3420821356083126,4.018448019855693,1.2280728780774581,0.7881891445521096,0.12830986074104112,4.934947025148844,0.0,0.0,0.0,0.0,0.0,0.0,0.0,0.0,4.934947025148844,0.08,15.0,False,1004.6120049639234,1233.736756287211,1233.736756287211,98.69894050297688,555.181540329245,502.3060024819617,2026-01-06 04:00:00
0.10169459820049245,0.7895470521692187,0.17298483204157683,0.29690924150729175,0.317873156257871,18.469603003265167,2.526897698341011,0.6238221947643922,0.2240168989507994,0.33299415811513433,3.707730950171337,1.2302081900171506,0.7340530267541815,0.11949700435533195,4.56128098128085,0.0,0.0,0.0,0.0,0.0,0.0,0.0,0.0,4.56128098128085,0.08,15.0,False,926.9327375428343,1140.3202453202125,1140.3202453202125,91.225619625617,513.1441103940956,463.46636877141714,2026-01-06 04:15:00
0.04,0.7050634314019689,0.12966591134697894,0.341187352117849,0.3410377958819586,18.33744747816763,2.635822652098513,0.6376902010720545,0.21701500400714746,0.31936357101576757,3.809891428193483,1.2294785063542586,0.7518878471098104,0.12240034720392268,4.684179622507216,0.0,0.0,0.0,0.0,0.0,0.0,0.0,0.0,4.684179622507216,0.08,15.0,False,952.4728570483707,1171.044905626804,1171.044905626804,93.68359245014432,526.9702075320617,476.2364285241853,2026-01-06 04:30:00
0.04,0.5970095925830134,0.27140901743031376,0.30093568921853747,0.39750031005859254,18.339778182459007,2.901321137959994,0.6714926912231992,0.21528243243795905,0.30708262303467654,4.095178884655828,1.2275841007495527,0.8015179393307391,0.13047966454221338,5.027176488528781,0.0,0.0,0.0,0.0,0.0,0.0,0.0,0.0,5.027176488528781,0.08,15.0,False,1023.7947211639571,1256.7941221321953,1256.7941221321953,100.54352977057563,565.557354959488,511.89736058197855,2026-01-06 04:45:00
0.04,0.6429729885839724,0.42959876563994315,0.3142424935215169,0.46921793071964435,18.265712143251964,3.2385523075733578,0.7144279767203152,0.22022333602765556,0.3244963966650542,4.497700016986383,1.2252700680513857,0.8713495824550674,0.14184760644617378,5.510897205887624,0.0,0.0,0.0,0.0,0.0,0.0,0.0,0.0,5.510897205887624,0.08,15.0,False,1124.4250042465958,1377.724301471906,1377.724301471906,110.2179441177525,619.9759356623578,562.2125021232979,2026-01-06 05:00:00
0.05838243799751309,0.6154851732441137,0.5121714142725063,0.28049247275846495,0.4246609828929297,18.585534589931015,3.0290362710469974,0.6877530081674469,0.22144580245301942,0.3225471076708123,4.260782189338276,1.226581219570547,0.8302553733148695,0.13515785146986248,5.226195414123008,0.0,0.0,0.0,0.0,0.0,0.0,0.0,0.0,5.226195414123008,0.08,15.0,False,1065.1955473345688,1306.5488535307518,1306.5488535307518,104.52390828246014,587.9469840888383,532.5977736672844,2026-01-06 05:15:00
0.04,0.6576721108213299,0.3960053781210464,0.28573168858342846,0.384274172822917,18.747644098040873,2.8391290896413026,0.6635745816567707,0.2190528260904326,0.3232262731745183,4.044982770563024,1.2279021247468225,0.7927997444590177,0.1290604235165843,4.966842938538626,0.0,0.0,0.0,0.0,0.0,0.0,0.0,0.0,4.966842938538626,0.08,15.0,False,1011.245692640756,1241.7107346346565,1241.7107346346565,99.33685877077252,558.7698305855955,505.622846320378,2026-01-06 05:30:00
0.04,0.5853158084800738,0.4943609711985494,0.2855589172801576,0.37377211068940774,19.06130639202617,2.7897462090606187,0.6572872978364982,0.21884539389386437,0.31687402653781044,3.982752927328792,1.2283054580724313,0.7819844390582803,0.12729979240483635,4.892037158791909,0.0,0.0,0.0,0.0,0.0,0.0,0.0,0.0,4.892037158791909,0.08,15.0,False,995.688231832198,1223.0092896979772,1223.0092896979772,97.84074317583818,550.3541803640898,497.844115916099,2026-01-06 05:45:00
0.04,0.6920065305611972,0.6123220158130283,0.25157219402514736,0.4346722771297148,19.371120501450402,3.0761114588975618,0.6937464833035433,0.22323217862709038,0.3390580640520316,4.332148184880227,1.2261709520902317,0.8426332284304836,0.13717285113984623,5.311954264450557,0.0,0.0,0.0,0.0,0.0,0.0,0.0,0.0,5.311954264450557,0.08,15.0,False,1083.0370462200567,1327.988566112639,1327.988566112639,106.23908528901113,597.5948547506877,541.5185231100284,2026-01-06 06:00:00
0.04,0.6572748491366791,0.5864649643658835,0.2768863150432696,0.45307815101239446,19.713904808001384,3.1626597063156896,0.7047655528528755,0.22252339721499106,0.3334415904223887,4.423390246805945,1.2256656517967999,0.8584582291494812,0.13974901404759,5.421597490003016,0.0,0.0,0.0,0.0,0.0,0.0,0.0,0.0,5.421597490003016,0.08,15.0,False,1105.8475617014863,1355.399372500754,1355.399372500754,108.43194980006032,609.9297176253393,552.9237808507431,2026-01-06 06:15:00
0.04,0.7161656391651752,0.6249514358126683,0.2858856722731694,0.509486308096847,20.005981641760943,3.427902593823459,0.7385355009697183,0.2253340296439891,0.34590907649742586,4.737681200934592,1.2240903016373823,0.913034832066102,0.14863357731308635,5.79934961031378,0.0,0.0,0.0,0.0,0.0,0.0,0.0,0.0,5.79934961031378,0.08,15.0,False,1184.420300233648,1449.837402578445,1449.837402578445,115.98699220627562,652.4268311603004,592.210150116824,2026-01-06 06:30:00
0.05255962282855695,0.7596295346234881,0.5363216533178715,0.25912321428338986,0.5202119785912869,20.38966102449182,3.478336927427778,0.7449566527115365,0.22502276134544008,0.3463628393435586,4.794679180828313,1.223832035006817,0.9229544064946728,0.15024839175494675,5.867881979077932,0.0,0.0,0.0,0.0,0.0,0.0,0.0,0.0,5.867881979077932,0.08,15.0,False,1198.669795207078,1466.9704947694831,1466.9704947694831,117.35763958155866,660.1367226462675,599.334897603539,2026-01-06 06:45:00
0.4574992056254278,0.6732982899669631,0.6351332249385762,0.3013567000036698,0.5127710905970322,20.63729337304867,3.4433483243740897,0.7405020061764084,0.25924764745336937,0.34038464327942325,4.78348262128329,1.2238821036624299,0.9210050907935967,0.14993106129198086,5.8544187733688675,0.0,0.0,0.0,0.0,0.0,0.0,0.0,0.0,5.8544187733688675,0.08,15.0,False,1195.8706553208224,1463.604693342217,1463.604693342217,117.08837546737736,658.6221120039976,597.9353276604112,2026-01-06 07:00:00
0.516732417438186,0.7596330150696191,0.6166257352216115,0.3557024917203867,0.621851387002052,21.010049597966148,3.9562665667721455,0.8058052555744046,0.2681336011008104,0.35697486088111585,5.387180284328477,1.2216461109439554,1.0268809007188084,0.1671666582565503,6.581227843303836,0.0,0.0,0.0,0.0,0.0,0.0,0.0,0.0,6.581227843303836,0.08,15.0,False,1346.7950710821192,1645.3069608259589,1645.3069608259589,131.62455686607672,740.3881323716815,673.3975355410596,2026-01-06 07:15:00
0.44172266086792045,0.7079925839197577,0.6826525255712573,0.40921270675670274,0.6425574913820707,21.78557281609623,4.053630976436704,0.8182014072438926,0.26348049640310095,0.3555601689378793,5.490873049021577,1.2213571237615566,1.0452817239612877,0.17016214110997718,6.706316914092842,0.0,0.0,0.0,0.0,0.0,0.0,0.0,0.0,6.706316914092842,0.08,15.0,False,1372.7182622553942,1676.5792285232103,1676.5792285232103,134.12633828185682,754.4606528354446,686.3591311276971,2026-01-06 07:30:00
0.4678334091784406,0.7684337254105684,0.6087098029680108,0.4357744264365888,0.6656664127443006,22.29372474803819,4.162293931337553,0.8320360566239517,0.2668452766516927,0.36298679287423774,5.624162057487435,1.2220546308261726,1.074029257268468,0.17484197211347152,6.873033286869375,0.0,0.0,0.0,0.0,0.0,0.0,0.0,0.0,6.873033286869375,0.08,15.0,False,1406.0405143718588,1718.2583217173437,1718.2583217173437,137.4606657373875,773.2162447728047,703.0202571859294,2026-01-06 07:45:00
0.5193093594536681,0.7666255496407047,0.682770553934345,0.4551623934889203,0.6820605708151063,23.246781831627757,4.2393826725713595,0.8418507695322559,0.27315029960666687,0.3681146455768311,5.722498387287113,1.2251759988572526,1.108169589672098,0.180399700644295,7.011067677603506,0.0,0.0,0.0,0.0,0.0,0.0,0.0,0.0,7.011067677603506,0.08,15.0,False,1430.6245968217784,1752.7669194008765,1752.7669194008765,140.22135355207013,788.7451137303945,715.3122984108892,2026-01-06 08:00:00
0.5533934087900496,0.6743282846395906,0.7362246158630433,0.5025075846494594,0.6263637905784203,23.41880925953477,3.977484826968172,0.808506702360338,0.2758442451919368,0.3588919372341053,5.4207277117545525,1.2265153980888635,1.0559753341810982,0.1719029613783183,6.648606007313969,0.0,0.0,0.0,0.0,0.0,0.0,0.0,0.0,6.648606007313969,0.08,15.0,False,1355.1819279386382,1662.1515018284922,1662.1515018284922,132.97212014627937,747.9681758228215,677.5909639693191,2026-01-06 08:15:00
0.6401015340767898,0.6822592692417554,0.6374046137901431,0.5548783798235483,0.6127213921176192,24.088665777947426,3.9133354317866056,0.8003393891201482,0.2830113568264043,0.3578559276227438,5.354542105355901,1.229053169607021,1.0547683632823779,0.171706477743643,6.581016946381922,0.0,0.0,0.0,0.0,0.0,0.0,0.0,0.0,6.581016946381922,0.08,15.0,False,1338.6355263389753,1645.2542365954805,1645.2542365954805,131.62033892763844,740.3644064679662,669.3177631694876,2026-01-06 08:30:00
0.6838871147081635,0.7330986434410414,0.5384537748246744,0.5916829481267947,0.6463968957724782,24.71259961873639,4.071684654476512,0.8204999486918876,0.287392919490398,0.36291691549091887,5.542494438149717,1.2307177476762146,1.0997265766189503,0.1790252566588988,6.821246271427566,0.0,0.0,0.0,0.0,0.0,0.0,0.0,0.0,6.821246271427566,0.08,15.0,False,1385.6236095374293,1705.3115678568915,1705.3115678568915,136.42492542855132,767.3902055356012,692.8118047687146,2026-01-06 08:45:00
0.7410472619220094,0.7841794179139564,0.39775035239113865,0.5803144117304965,0.6385587595423466,25.231937657274862,4.034828107590099,0.8158074810151297,0.29046744705025657,0.3626282475171871,5.503731283172672,1.2326350126658832,1.1011101132226229,0.17925048354786877,6.784091879943164,0.0,0.0,0.0,0.0,0.0,0.0,0.0,0.0,6.784091879943164,0.08,15.0,False,1375.932820793168,1696.022969985791,1696.022969985791,135.68183759886327,763.210336493606,687.966410396584,2026-01-06 09:00:00
0.7010400514652014,0.768640975156802,0.4069779345242015,0.5945742436988223,0.6167316479640643,25.837671868248986,3.932192488909807,0.8027402144416875,0.2873558012658715,0.3614821186086728,5.383770623226039,1.2350879383845808,1.0884672014327237,0.1771923351169551,6.649430159775718,0.0,0.0,0.0,0.0,0.0,0.0,0.0,0.0,6.649430159775718,0.08,15.0,False,1345.9426558065097,1662.3575399439294,1662.3575399439294,132.98860319551434,748.0608929747682,672.9713279032549,2026-01-06 09:15:00
0.768861983318968,0.8696144017398368,0.36743096393583347,0.6121560214685446,0.6510386914846537,26.47028498957879,4.093511343408671,0.823278858843738,0.2957548552143131,0.3769899429431861,5.589535000409907,1.2367540316338268,1.1380766538226692,0.18526829248276,6.912879946715337,0.0,0.0,0.0,0.0,0.0,0.0,0.0,0.0,6.912879946715337,0.08,15.0,False,1397.3837501024768,1728.2199866788342,1728.2199866788342,138.25759893430674,777.6989940054754,698.6918750512384,2026-01-06 09:30:00
0.8674820762450456,0.9033182971299726,0.26333447294005896,0.5779306062779734,0.6189177037836273,27.02165917348237,3.9424717780730028,0.8040489434522213,0.3017069013125094,0.3744868127815596,5.422714435619293,1.239119746749626,1.1151431681851107,0.18153493435571577,6.719392538160119,0.0,0.0,0.0,0.0,0.0,0.0,0.0,0.0,6.719392538160119,0.08,15.0,False,1355.6786089048232,1679.8481345400298,1679.8481345400298,134.38785076320238,755.9316605430134,677.8393044524116,2026-01-06 09:45:00
0.7782536554015186,0.8419428256223365,0.30330100606516397,0.5947218291653054,0.5550399993788124,27.69762688379584,3.642105525399047,0.7658071912825126,0.29386099245984154,0.3676860682343639,5.069459777375766,1.2426468196073304,1.0578759312124624,0.1722123608950521,6.29954806948328,0.0,0.0,0.0,0.0,0.0,0.0,0.0,0.0,6.29954806948328,0.08,15.0,False,1267.3649443439415,1574.88701737082,1574.88701737082,125.99096138966561,708.699157816869,633.6824721719707,2026-01-06 10:00:00
0.707953990463065,0.8673390098786756,0.2515110479146928,0.6476989207948555,0.5465090593579879,28.10551421060119,3.601991270985606,0.7606999618181672,0.2895343910803498,0.3722444980113561,5.0244701218954795,1.2442455337292595,1.0553957725010075,0.17180861412807102,6.251674508524558,0.0,0.0,0.0,0.0,0.0,0.0,0.0,0.0,6.251674508524558,0.08,15.0,False,1256.11753047387,1562.9186271311396,1562.9186271311396,125.03349017049118,703.3133822090128,628.058765236935,2026-01-06 10:15:00
0.787857272907749,0.9635352731214962,0.16859821194416114,0.6584858919244728,0.6296376009226988,28.233747119476707,3.9928789641595213,0.8104666388515294,0.29770519364065834,0.3840721923000532,5.485122988951763,1.2431905338927058,1.1471797898092868,0.18675019834104667,6.819052977102096,0.0,0.0,0.0,0.0,0.0,0.0,0.0,0.0,6.819052977102096,0.08,15.0,False,1371.2807472379407,1704.7632442755241,1704.7632442755241,136.38105954204192,767.1434599239859,685.6403736189703,2026-01-06 10:30:00
0.7492248915148078,1.0,0.13986596876880353,0.6842224802020936,0.7035759029581913,28.359240239849296,4.340552239497231,0.8547313826872084,0.2958797676403883,0.390063671540992,5.881227061365819,1.242776528567756,1.227928545122338,0.1998953445547993,7.309050951042956,0.0,0.0,0.0,0.0,0.0,0.0,0.0,0.0,7.309050951042956,0.08,15.0,False,1470.3067653414548,1827.2627377607391,1827.2627377607391,146.18101902085914,822.2682319923326,735.1533826707274,2026-01-06 10:45:00
0.8135139658228273,0.8638127224086638,0.20957981670404896,0.6771166429762571,0.6934444709528462,28.55755318275024,4.292912138870241,0.8486659845098209,0.29828689247945817,0.37111828555103815,5.810983301410558,1.2435922649669358,1.2173391023050502,0.19817148177058952,7.226493885486198,0.0,0.0,0.0,0.0,0.0,0.0,0.0,0.0,7.226493885486198,0.08,15.0,False,1452.7458253526395,1806.6234713715494,1806.6234713715494,144.52987770972396,812.9805621171972,726.3729126763197,2026-01-06 11:00:00
0.7415090475354952,0.7704117123898963,0.2108697293184277,0.6623974555082287,0.6638750559488139,29.056325402743965,4.1538705990829605,0.8309636226149525,0.2891039032185206,0.354862522564313,5.628800647480746,1.2457130596134565,1.189440052980161,0.19362977606653775,7.011870476527445,0.0,0.0,0.0,0.0,0.0,0.0,0.0,0.0,7.011870476527445,0.08,15.0,False,1407.2001618701865,1752.9676191318613,1752.9676191318613,140.23740953054892,788.8354286093376,703.6000809350933,2026-01-06 11:15:00
0.7981480930372037,0.8676938859490644,0.16085719677693616,0.6562831645840225,0.712325849675436,29.44187265418346,4.381696308950633,0.8599697251883488,0.29547970397136913,0.36768332264624554,5.9048290607565965,1.2465277413105444,1.2519055872089413,0.20379858396424622,7.360533231929784,0.0,0.0,0.0,0.0,0.0,0.0,0.0,0.0,7.360533231929784,0.08,15.0,False,1476.2072651891492,1840.133307982446,1840.133307982446,147.2106646385957,828.0599885921007,738.1036325945746,2026-01-06 11:30:00
0.7535372748799005,0.7642659920742554,0.17287773004577847,0.62209626584647,0.6234523915949176,29.840231269910433,3.9637948233767544,0.8067637311713818,0.28783036097534503,0.34916569838775574,5.407554613911238,1.24902793776546,1.158103669516516,0.1885285043398981,6.754186787767652,0.0,0.0,0.0,0.0,0.0,0.0,0.0,0.0,6.754186787767652,0.08,15.0,False,1351.8886534778094,1688.5466969419128,1688.5466969419128,135.08373575535302,759.8460136238608,675.9443267389047,2026-01-06 11:45:00
0.7204912594452606,0.7763142443692922,0.06946401713044517,0.585272908688159,0.5576819680550773,29.73175916240324,3.654528611644329,0.7673888622630096,0.28219399162468883,0.342966373974741,5.047077839506768,1.2498507516196322,1.084473924847858,0.17654226683569774,6.308094031190324,0.0,0.0,0.0,0.0,0.0,0.0,0.0,0.0,6.308094031190324,0.08,15.0,False,1261.769459876692,1577.023507797581,1577.023507797581,126.16188062380648,709.6605785089115,630.884729938346,2026-01-06 12:00:00
0.7722968034153063,0.6722744131896476,0.08116482958661633,0.598367809140993,0.547946755616403,30.226177487546146,3.6087516178334953,0.7615606693924596,0.2840434616828011,0.32728821328314267,4.981643962191899,1.2518356098038252,1.078917596737961,0.17563774830617973,6.236199307236039,0.0,0.0,0.0,0.0,0.0,0.0,0.0,0.0,6.236199307236039,0.08,15.0,False,1245.4109905479747,1559.0498268090098,1559.0498268090098,124.72398614472078,701.5724220640544,622.7054952739874,2026-01-06 12:15:00
0.6876820713877889,0.7299671868797246,0.09264045254594176,0.6112862766812213,0.5488584071743935,30.686933034158073,3.6130383930826913,0.7621064490705279,0.2794255340152085,0.3382667806375117,4.9928371568059395,1.253403950360509,1.0880760067755673,0.17712865226579,6.258041815847297,0.0,0.0,0.0,0.0,0.0,0.0,0.0,0.0,6.258041815847297,0.08,15.0,False,1248.2092892014848,1564.5104539618242,1564.5104539618242,125.16083631694593,704.029704282821,624.1046446007424,2026-01-06 12:30:00
0.5804806273253481,0.7343499066209327,0.060894761157556584,0.5704347359202795,0.46175168279847845,31.34743621233524,3.2034444568684677,0.7099581479232537,0.2687251507282615,0.3346276891680869,4.51675544468807,1.2578869603013472,1.0017386055674427,0.16307372648772334,5.681567776743236,0.0,0.0,0.0,0.0,0.0,0.0,0.0,0.0,5.681567776743236,0.08,15.0,False,1129.1888611720176,1420.391944185809,1420.391944185809,113.63135553486472,639.1763748836141,564.5944305860088,2026-01-06 12:45:00
0.5243954921119015,0.7007785572172293,0.09668919141173546,0.57516212400512,0.5009309785100995,31.133998523797352,3.387673654598018,0.733413670170772,0.2639614440633939,0.33142150256215225,4.7164702713943365,1.2561575565961869,1.039017170411878,0.16914233006704982,5.924629771873264,0.0,0.0,0.0,0.0,0.0,0.0,0.0,0.0,5.924629771873264,0.08,15.0,False,1179.117567848584,1481.157442968316,1481.157442968316,118.49259543746528,666.5208493357422,589.558783924292,2026-01-06 13:00:00
0.536332499921017,0.6763731422600932,0.04329617637251639,0.5563582284689377,0.45684764174677567,31.385168001767966,3.180384635802823,0.707022238997335,0.26254240108465704,0.32318150353424174,4.473130779419057,1.2582473649785848,0.993449843811034,0.16172439317854037,5.628305016408631,0.0,0.0,0.0,0.0,0.0,0.0,0.0,0.0,5.628305016408631,0.08,15.0,False,1118.2826948547643,1407.0762541021577,1407.0762541021577,112.56610032817262,633.184314345971,559.1413474273821,2026-01-06 13:15:00
0.41864082752110504,0.6572353234738216,0.09064987335201331,0.5488207054682231,0.48175645849496357,31.534902331994132,3.2975110731866857,0.7219344341959634,0.2529445506358936,0.322246466332191,4.594636524350734,1.2581477061873336,1.020041596392089,0.1660532831335959,5.780731403876419,0.0,0.0,0.0,0.0,0.0,0.0,0.0,0.0,5.780731403876419,0.08,15.0,False,1148.6591310876834,1445.1828509691047,1445.1828509691047,115.61462807752838,650.3322829360972,574.3295655438417,2026-01-06 13:30:00
0.466371949017484,0.6330745922596334,0.11902432523968805,0.5454285289571843,0.46867355949448036,31.032116104127688,3.235992560843422,0.7141020772586015,0.2566180192490555,0.31966256414014294,4.526375221491222,1.256733651262399,0.9993826403334987,0.1626901972635928,5.688448059088313,0.0,0.0,0.0,0.0,0.0,0.0,0.0,0.0,5.688448059088313,0.08,15.0,False,1131.5938053728055,1422.1120147720783,1422.1120147720783,113.76896118176626,639.9504066474352,565.7969026864027,2026-01-06 13:45:00
0.4330564482667491,0.8274292913069902,0.03,0.5553619481806126,0.5623660113410669,31.057300782959707,3.6765539574560555,0.7701930648273319,0.2582083976059934,0.34728211907875994,5.052237538968141,1.2544705595006982,1.1056553134136216,0.17999039985803145,6.337883252239794,0.0,0.0,0.0,0.0,0.0,0.0,0.0,0.0,6.337883252239794,0.08,15.0,False,1263.0593847420353,1584.4708130599486,1584.4708130599486,126.75766504479589,713.0118658769769,631.5296923710176,2026-01-06 14:00:00
0.5176040482100251,0.8272898635158286,0.06721182243970752,0.5463408218084089,0.6473370436118029,31.46512744085777,4.076105425167768,0.8210627882774574,0.26562529932952317,0.34881143589977315,5.51160494867452,1.2544306343647469,1.2059961833748576,0.19632496008427913,6.913926092133657,0.0,0.0,0.0,0.0,0.0,0.0,0.0,0.0,6.913926092133657,0.08,15.0,False,1377.9012371686301,1728.4815230334143,1728.4815230334143,138.27852184267314,777.8166853650365,688.9506185843151,2026-01-06 14:15:00
0.3654063477787625,0.8664859243408228,0.03,0.5692452168219295,0.6640036577998241,31.23834333856667,4.154475311735595,0.8310406128599953,0.25424177415851146,0.3545939117193493,5.594351610473452,1.2534307214827152,1.2192912857884377,0.19848927908183867,7.012132175343728,0.0,0.0,0.0,0.0,0.0,0.0,0.0,0.0,7.012132175343728,0.08,15.0,False,1398.587902618363,1753.033043835932,1753.033043835932,140.24264350687457,788.8648697261694,699.2939513091815,2026-01-06 14:30:00
0.3513168339613717,0.8013988955305025,0.03,0.568698811047026,0.5845899295802928,31.036520243441906,3.7810554435918893,0.7834978881841381,0.25112542908066465,0.343822494899705,5.159501255756396,1.2540062518854673,1.1270691949928175,0.1834763805802262,6.47004683132944,0.0,0.0,0.0,0.0,0.0,0.0,0.0,0.0,6.47004683132944,0.08,15.0,False,1289.875313939099,1617.51170783236,1617.51170783236,129.4009366265888,727.880268524562,644.9376569695495,2026-01-06 14:45:00
0.28897946679061404,0.7773517157295393,0.06384787829961142,0.5777908204974308,0.588517348712478,30.981004269473,3.7995229852546037,0.7858491215372934,0.24623415547262403,0.34234986480332996,5.173956127067852,1.2537614576368037,1.1291375577561045,0.1838130907975053,6.486906775621462,0.0,0.0,0.0,0.0,0.0,0.0,0.0,0.0,6.486906775621462,0.08,15.0,False,1293.4890317669629,1621.7266939053654,1621.7266939053654,129.73813551242924,729.7770122574144,646.7445158834814,2026-01-06 15:00:00
0.2999555658405685,0.7258196097898784,0.05218014036187345,0.5571366510716869,0.5628712457130411,30.723986656748014,3.678929674561828,0.7704955341759204,0.24469516678236508,0.3318926251157379,5.026013000635851,1.2534042323994594,1.0953071511520154,0.1783058153038164,6.299625967091683,0.0,0.0,0.0,0.0,0.0,0.0,0.0,0.0,6.299625967091683,0.08,15.0,False,1256.5032501589628,1574.9064917729208,1574.9064917729208,125.99251934183367,708.7079212978144,628.2516250794814,2026-01-06 15:15:00
0.3830968515629018,0.5615422500048822,0.03,0.606558380205073,0.550845406690351,30.86109072996941,3.6223816781026223,0.7632960087730655,0.2478699329090242,0.30662302715950485,4.9401706469442175,1.2542247930375934,1.0800859198492172,0.17582794044057026,6.196084507234005,0.0,0.0,0.0,0.0,0.0,0.0,0.0,0.0,6.196084507234005,0.08,15.0,False,1235.0426617360545,1549.0211268085013,1549.0211268085013,123.92169014468011,697.0595070638257,617.5213308680272,2026-01-06 15:30:00
0.4284285112133143,0.534763501251392,0.03,0.6180341003911227,0.5877161529293765,30.79336499675198,3.795755596033738,0.7853694685681978,0.25119620037958257,0.3029234905516243,5.135244755533143,1.2532411493116262,1.1183915441434338,0.18206373974427992,6.4357000394208566,0.0,0.0,0.0,0.0,0.0,0.0,0.0,0.0,6.4357000394208566,0.08,15.0,False,1283.8111888832857,1608.925009855214,1608.925009855214,128.71400078841714,724.0162544348464,641.9055944416428,2026-01-06 15:45:00
0.4653892846884319,0.4551938459017214,0.07428973516684448,0.6367977353777041,0.537642492248416,30.668564536984775,3.5602988281904397,0.7553918020281486,0.25338037546210174,0.2934906497772595,4.86256165545795,1.2538754125100622,1.061656967676098,0.1728278784588997,6.097046501592947,0.0,0.0,0.0,0.0,0.0,0.0,0.0,0.0,6.097046501592947,0.08,15.0,False,1215.6404138644873,1524.261625398237,1524.261625398237,121.94093003185895,685.9177314292066,607.8202069322437,2026-01-06 16:00:00
0.5056186010036073,0.35357851522797956,0.03,0.606001168315185,0.4931566045869269,30.302007696506553,3.3511169313414846,0.7287593751610376,0.25178664079214574,0.2722809612887136,4.603943908583382,1.2537863751782083,1.0048396830315254,0.1635785530516436,5.772362144666551,0.0,0.0,0.0,0.0,0.0,0.0,0.0,0.0,5.772362144666551,0.08,15.0,False,1150.9859771458455,1443.0905361666378,1443.0905361666378,115.44724289333102,649.390741274987,575.4929885729227,2026-01-06 16:15:00
0.5645975309900393,0.32992122198783114,0.08258173215118987,0.5973589381180635,0.5065931797556699,29.97176449038255,3.414298502592549,0.7368034678910513,0.25671019894899694,0.27082863133393736,4.678640800766534,1.2522678782557095,1.0150328776197715,0.1652379103101953,5.8589115886965,0.0,0.0,0.0,0.0,0.0,0.0,0.0,0.0,5.8589115886965,0.08,15.0,False,1169.6602001916335,1464.727897174125,1464.727897174125,117.17823177393001,659.1275537283562,584.8301000958168,2026-01-06 16:30:00
0.5375957833863622,0.3989419028511304,0.07813111508787346,0.636704521800394,0.5278482483212777,29.37989587948246,3.5142442560422986,0.749528268696117,0.257743694226395,0.2844236082818683,4.805939827246679,1.2496116431161333,1.0316719418168256,0.16794659517948318,6.0055583642429875,0.0,0.0,0.0,0.0,0.0,0.0,0.0,0.0,6.0055583642429875,0.08,15.0,False,1201.4849568116697,1501.3895910607469,1501.3895910607469,120.11116728485975,675.6253159773361,600.7424784058348,2026-01-06 16:45:00
0.6264593399920615,0.3507127544752773,0.03,0.6539479739327854,0.5487984441020921,28.929469274591323,3.6127564342444103,0.7620705508964833,0.26326360736937454,0.27480841722764926,4.9128990097379175,1.2475763536030677,1.0460331553078908,0.17028446714314494,6.129216632188953,0.0,0.0,0.0,0.0,0.0,0.0,0.0,0.0,6.129216632188953,0.15,15.0,False,1228.2247524344793,1532.3041580472384,1532.3041580472384,229.84562370708576,689.5368711212573,614.1123762172397,2026-01-06 17:00:00
0.6951218228618022,0.32688052124778866,0.03,0.6231085759341042,0.5262051314494475,29.162464852653965,3.5065179787426435,0.7485445816838193,0.2672063429682565,0.2689471425011264,4.791216045895846,1.2489161136880635,1.0256453550664848,0.16696552291779976,5.98382692388013,0.0,0.0,0.0,0.0,0.0,0.0,0.0,0.0,5.98382692388013,0.15,15.0,False,1197.8040114739615,1495.9567309700326,1495.9567309700326,224.39350964550488,673.1805289365146,598.9020057369808,2026-01-06 17:15:00
0.7315807649510955,0.2500773811109282,0.03,0.6603360296454565,0.5798604090034135,28.998625696522936,3.758816254099123,0.7806664596682298,0.26916344449280294,0.2586066042773773,5.0672527625375325,1.247208586974683,1.0772948199325978,0.17537357533786468,6.319921157807995,0.0,0.0,0.0,0.0,0.0,0.0,0.0,0.0,6.319921157807995,0.15,15.0,False,1266.813190634383,1579.9802894519987,1579.9802894519987,236.9970434177998,710.9911302533994,633.4065953171915,2026-01-06 17:30:00
0.7695902929315201,0.17323598557194042,0.07576858934088396,0.6604993417507493,0.6084378851026309,28.3517310935614,3.8931934908326715,0.7977749761499158,0.27093026090570277,0.24854406954570163,5.210442797433992,1.2444339690640938,1.0953039236600612,0.17830528989814942,6.484052010992203,0.0,0.0,0.0,0.0,0.0,0.0,0.0,0.0,6.484052010992203,0.15,15.0,False,1302.610699358498,1621.0130027480507,1621.0130027480507,243.15195041220758,729.4558512366228,651.305349679249,2026-01-06 17:45:00
0.7803308733418087,0.08617103641635206,0.12139583652677365,0.7034699559930739,0.6035532523478153,28.624266476039463,3.8702249316159163,0.7948506864154897,0.2715525474756422,0.23946555771811712,5.176093723225166,1.245505455081178,1.0928529507543718,0.1779062943088512,6.446852968288389,0.0,0.0,0.0,0.0,0.0,0.0,0.0,0.0,6.446852968288389,0.15,15.0,False,1294.0234308062913,1611.7132420720973,1611.7132420720973,241.75698631081457,725.2709589324438,647.0117154031457,2026-01-06 18:00:00
0.8951276122018335,0.05,0.03,0.7097439891509167,0.4675667916672954,27.46546988325459,3.23078830831229,0.7134394870582963,0.278352610060296,0.22869203752329512,4.451272442954178,1.2446446892878462,0.9365229408181862,0.15245722292389086,5.540252606696255,0.0,0.0,0.0,0.0,0.0,0.0,0.0,0.0,5.540252606696255,0.15,15.0,False,1112.8181107385444,1385.0631516740636,1385.0631516740636,207.75947275110954,623.2784182533287,556.4090553692722,2026-01-06 18:15:00
0.8472842694054088,0.05,0.03,0.7209713438001093,0.48747160002150774,27.105853409847867,3.324384857393934,0.7253559257462521,0.2747727699460797,0.22939457546225872,4.553908128548524,1.2428508430177867,0.9510915681174615,0.1548288599260984,5.659828556592084,0.0,0.0,0.0,0.0,0.0,0.0,0.0,0.0,5.659828556592084,0.15,15.0,False,1138.477032137131,1414.9571391480208,1414.9571391480208,212.24357087220312,636.7307126166094,569.2385160685654,2026-01-06 18:30:00
0.789420373100717,0.05,0.03,0.7511998929738188,0.4829443878727154,27.281837617134677,3.303096964210186,0.722645613492126,0.27099309120983583,0.23128608983032808,4.528021758742476,1.243599195806692,0.9485993147613888,0.15442314426348192,5.6310442177673465,0.0,0.0,0.0,0.0,0.0,0.0,0.0,0.0,5.6310442177673465,0.15,15.0,False,1132.005439685619,1407.7610544418367,1407.7610544418367,211.16415816627548,633.4924744988265,566.0027198428095,2026-01-06 18:45:00
0.7087406795979013,0.05,0.10830196191155042,0.7317131143525191,0.48836007751820265,27.048685848997614,3.3285626633867134,0.7258878317775278,0.2652390804166461,0.23452095509450002,4.5542105306753875,1.2426492200411046,0.9503650445273765,0.15471058864399156,5.6592861638467555,0.0,0.0,0.0,0.0,0.0,0.0,0.0,0.0,5.6592861638467555,0.15,15.0,False,1138.5526326688469,1414.821540961689,1414.821540961689,212.22323114425333,636.66969343276,569.2763163344234,2026-01-06 19:00:00
0.6202597016173249,0.05,0.03,0.7094311878986668,0.4883774059132974,27.066627530191315,3.3286441451047546,0.7258982057913859,0.2556449615209272,0.22867246436880528,4.5388597767858725,1.2427903129487414,0.947712419647215,0.15427876598908152,5.640850962422169,0.0,0.0,0.0,0.0,0.0,0.0,0.0,0.0,5.640850962422169,0.15,15.0,False,1134.7149441964682,1410.2127406055422,1410.2127406055422,211.53191109083133,634.595733272494,567.3574720982341,2026-01-06 19:15:00
0.5298068303647832,0.05,0.13999987934419508,0.7037303342119673,0.5101610703412467,26.74045350406396,3.431075466247173,0.7389394618002498,0.2501674702088531,0.23457311086191232,4.654755509118189,1.2410726773764635,0.9650355608797304,0.15709881223623523,5.776889882234155,0.0,0.0,0.0,0.0,0.0,0.0,0.0,0.0,5.776889882234155,0.15,15.0,False,1163.6888772795473,1444.2224705585386,1444.2224705585386,216.6333705837808,649.9001117513424,581.8444386397737,2026-01-06 19:30:00
0.4741056023223975,0.05,0.11101238129580335,0.7179530663233163,0.4752457139002694,26.08097616818451,3.2668961978675584,0.7180366378748452,0.24546322339967946,0.23381411985426084,4.4642101789963435,1.2397299939639965,0.9203763681677323,0.14982871109707274,5.5344152582611486,0.0,0.0,0.0,0.0,0.0,0.0,0.0,0.0,5.5344152582611486,0.15,15.0,False,1116.0525447490859,1383.6038145652872,1383.6038145652872,207.54057218479306,622.6217165543792,558.0262723745429,2026-01-06 19:45:00
0.47606963760645665,0.05,0.03,0.680639903791644,0.48704774112723137,25.630311549374124,3.3223917847103963,0.7251021735655675,0.2427874348168068,0.2268708850984722,4.517152278191242,1.2378749694884577,0.9240850159005342,0.15043244444892412,5.5916697385407,0.0,0.0,0.0,0.0,0.0,0.0,0.0,0.0,5.5916697385407,0.15,15.0,False,1129.2880695478104,1397.9174346351751,1397.9174346351751,209.68761519527627,629.0628455858289,564.6440347739052,2026-01-06 20:00:00
0.4986630066231347,0.05,0.03,0.6355734570273223,0.42719533855618025,24.777152217700227,3.0409533385215792,0.6892702543190888,0.24316453917077796,0.2240509074977382,4.1974390395091845,1.2366764580111567,0.8543541039463552,0.13908090064242995,5.19087404409797,0.0,0.0,0.0,0.0,0.0,0.0,0.0,0.0,5.19087404409797,0.15,15.0,False,1049.359759877296,1297.7185110244925,1297.7185110244925,194.65777665367386,583.9733299610216,524.679879938648,2026-01-06 20:15:00
0.49498311555434366,0.05,0.03,0.6451545803857903,0.45051289490575913,24.309363235638045,3.15059733852902,0.7032298074907679,0.24317713672522376,0.2246504345339398,4.3216547172789515,1.234313220138867,0.8708539164952018,0.14176691663875385,5.334275550412907,0.0,0.0,0.0,0.0,0.0,0.0,0.0,0.0,5.334275550412907,0.15,15.0,False,1080.4136793197379,1333.5688876032268,1333.5688876032268,200.03533314048403,600.1059994214521,540.2068396598689,2026-01-06 20:30:00
0.4374661804036088,0.05,0.03,0.619216236502323,0.40047372578162616,23.81044585012004,2.915302757160169,0.6732727900579532,0.23757090786546273,0.22302737449696744,4.049173829580552,1.2342118823163417,0.8155935770288324,0.13277104742329826,4.997538454032683,0.0,0.0,0.0,0.0,0.0,0.0,0.0,0.0,4.997538454032683,0.15,15.0,False,1012.2934573951381,1249.3846135081708,1249.3846135081708,187.40769202622562,562.2230760786769,506.1467286975691,2026-01-06 20:45:00
0.4955907272838708,0.05,0.03,0.596436222874505,0.36177586760043134,23.642426462475242,2.733337378837689,0.6501054906715301,0.24161813611848842,0.22160194309983944,3.8466629487275465,1.2349709791174217,0.777314577081609,0.1265395823156108,4.750517108124766,0.0,0.0,0.0,0.0,0.0,0.0,0.0,0.0,4.750517108124766,0.15,15.0,False,961.6657371818866,1187.6292770311916,1187.6292770311916,178.14439155467872,534.4331746640362,480.8328685909433,2026-01-06 21:00:00
0.11150993809828945,0.05,0.03,0.5399691006234,0.285546841750554,23.115848450677305,2.374892643654189,0.6044693560945089,0.20803740950318533,0.21806858222142897,3.405467991473312,1.2364310222910335,0.692436119598948,0.1127221590044799,4.21062627007674,0.0,0.0,0.0,0.0,0.0,0.0,0.0,0.0,4.21062627007674,0.15,15.0,False,851.366997868328,1052.656567519185,1052.656567519185,157.89848512787776,473.69545538363326,425.683498934164,2026-01-06 21:15:00
0.08403040909673845,0.05,0.03,0.5104476701360547,0.26157241270280385,22.590557410072538,2.262159891590426,0.5901165520512688,0.20479318040316885,0.21622131493738284,3.2732909389822464,1.2356802947744816,0.663447149108499,0.10800302427347663,4.044741112364222,0.0,0.0,0.0,0.0,0.0,0.0,0.0,0.0,4.044741112364222,0.15,15.0,False,818.3227347455617,1011.1852780910555,1011.1852780910555,151.6777917136583,455.03337514097495,409.16136737278083,2026-01-06 21:30:00
0.04,0.05,0.03,0.4948012499616058,0.2175489041060576,22.10822583324075,2.055152197278737,0.563760938287683,0.2006405500096118,0.21524225939625352,3.034795944972285,1.2360694837766262,0.6161235324034251,0.10029917969358082,3.751218657069291,0.0,0.0,0.0,0.0,0.0,0.0,0.0,0.0,3.751218657069291,0.15,15.0,False,758.6989862430713,937.8046642673228,937.8046642673228,140.6706996400984,422.0120989202953,379.34949312153566,2026-01-06 21:45:00
0.07118969294084604,0.05,0.03,0.49795780142338786,0.24438810187121734,21.703428645705028,2.181355687723653,0.5798287973150602,0.20332031148181773,0.2154397767302546,3.179944573250786,1.2344088519926182,0.6410501548616506,0.10435700195422226,3.9253517300666587,0.0,0.0,0.0,0.0,0.0,0.0,0.0,0.0,3.9253517300666587,0.08,15.0,False,794.9861433126964,981.3379325166646,981.3379325166646,78.50703460133317,441.6020696324991,397.4930716563482,2026-01-06 22:00:00
0.0831884423646063,0.05,0.03,0.4608947742879597,0.24714548919650292,21.364113427803918,2.1943214964637097,0.5814795661351356,0.2030869154116754,0.21312060329100208,3.1920085813015224,1.2343047701916563,0.6431964398988171,0.1047063971928307,3.9399114183931703,0.0,0.0,0.0,0.0,0.0,0.0,0.0,0.0,3.9399114183931703,0.08,15.0,False,798.0021453253806,984.9778545982925,984.9778545982925,78.7982283678634,443.2400345692316,399.0010726626903,2026-01-06 22:15:00
0.04,0.05,0.03,0.4774654100941581,0.25276348762909784,20.736609368141433,2.220738493637445,0.5848429008972552,0.20006794472242911,0.21415749049109067,3.2198068297482196,1.2340663780374894,0.6481377294528019,0.10551079316673517,3.9734553523677567,0.0,0.0,0.0,0.0,0.0,0.0,0.0,0.0,3.9734553523677567,0.08,15.0,False,804.9517074370549,993.3638380919392,993.3638380919392,79.46910704735514,447.01372714137267,402.47585371852745,2026-01-06 22:30:00
0.04,0.05,0.03,0.43927216095013144,0.24689346204582058,20.193315173245576,2.1931364123795536,0.5813286846980797,0.19880641620337403,0.21176759479665855,3.185039108077666,1.2343648530535354,0.6419566513795716,0.10450457115481404,3.9315003306120517,0.0,0.0,0.0,0.0,0.0,0.0,0.0,0.0,3.9315003306120517,0.08,15.0,False,796.2597770194166,982.8750826530129,982.8750826530129,78.63000661224103,442.2937871938558,398.1298885097083,2026-01-06 22:45:00
0.060193765331103,0.05,0.1307313595759762,0.40225795674318343,0.22621607711265346,20.128231719067248,2.095907047527736,0.5689497265388971,0.20124764193761063,0.21518160476309675,3.0812860207673403,1.23527418376159,0.6234544659859486,0.1014925874860847,3.8062330742393735,0.0,0.0,0.0,0.0,0.0,0.0,0.0,0.0,3.8062330742393735,0.08,15.0,False,770.3215051918351,951.5582685598433,951.5582685598433,76.12466148478747,428.2012208519295,385.16075259591753,2026-01-06 23:00:00
0.04,0.05,0.1112716099718834,0.41516852602925286,0.32551085583303385,19.97622144359898,2.5628117503849386,0.6283946667563263,0.19962091745930385,0.21488249511007523,3.6057098297106442,1.2309638778635714,0.7161983032598602,0.11659042146090748,4.438498554431412,0.0,0.0,0.0,0.0,0.0,0.0,0.0,0.0,4.438498554431412,0.08,15.0,False,901.427457427661,1109.624638607853,1109.624638607853,88.76997108862825,499.3310873735339,450.7137287138305,2026-01-06 23:15:00
0.07807358527065349,0.05,0.11184988930450324,0.3966918795506705,0.33417742555226304,19.245038390038385,2.603563763851256,0.633583093836672,0.2021660315654713,0.21375923719446785,3.6530721264478667,1.2306097018617752,0.7244931316053453,0.11794074235435859,4.495506000407571,0.0,0.0,0.0,0.0,0.0,0.0,0.0,0.0,4.495506000407571,0.08,15.0,False,913.2680316119666,1123.8765001018926,1123.8765001018926,89.91012000815141,505.7444250458517,456.6340158059833,2026-01-06 23:30:00
0.04,0.05,0.03,0.36191316102137905,0.3189463737211971,19.20735752631854,2.5319441900828026,0.6244646993227373,0.1962512372960313,0.2069269503110816,3.5595870770126528,1.2313143731890799,0.7081099420367728,0.11527371149435839,4.382970730543784,0.0,0.0,0.0,0.0,0.0,0.0,0.0,0.0,4.382970730543784,0.08,15.0,False,889.8967692531631,1095.742682635946,1095.742682635946,87.65941461087569,493.0842071861757,444.94838462658157,2026-01-06 23:45:00
0.15509506568325634,0.03,0.03,0.22474385589944737,0.22476547061981053,18.28400614930554,2.089085994072238,0.5680812899770019,0.20062998928649253,0.19504440499324796,3.0528416783289805,1.235528354386414,0.6183664679612113,0.10066430873787158,3.7718724550280633,0.0,0.0,0.0,0.0,0.0,0.0,0.0,0.0,3.7718724550280633,0.08,15.0,False,763.2104195822451,942.9681137570159,942.9681137570159,75.43744910056127,424.33565119065713,381.60520979112255,2026-01-07 00:00:00
0.26269585722925604,0.06316984017424533,0.04461737490025358,0.2600249365820136,0.2278092305216491,17.864494111087204,2.1033983862327426,0.5699035018569492,0.2119562350964947,0.2035555246111809,3.0888136477973673,1.2352072699804004,0.624799825995894,0.10171159958072695,3.8153250733739883,0.0,0.0,0.0,0.0,0.0,0.0,0.0,0.0,3.8153250733739883,0.08,15.0,False,772.2034119493418,953.8312683434971,953.8312683434971,76.30650146747976,429.2240707545737,386.1017059746709,2026-01-07 00:15:00
0.2573224317402791,0.15034831832994733,0.03,0.2949753198030052,0.271519465513344,17.65439062295333,2.3089330028925703,0.5960715676853467,0.2149688162627047,0.21929258006924837,3.3392659669098705,1.2330647212473915,0.6693079789039251,0.10895711284482501,4.117531058658621,0.0,0.0,0.0,0.0,0.0,0.0,0.0,0.0,4.117531058658621,0.08,15.0,False,834.8164917274677,1029.3827646646553,1029.3827646646553,82.35062117317243,463.2222440990949,417.40824586373384,2026-01-07 00:30:00
0.29485767097354076,0.2614613038404444,0.08989818361773459,0.2771067278798155,0.3082776843119188,17.288124090480036,2.4817777933929794,0.6180776605246671,0.22196823748942998,0.23991179812451177,3.561735489531588,1.23129792455286,0.7084869428200322,0.11533508371488899,4.385557516066509,0.0,0.0,0.0,0.0,0.0,0.0,0.0,0.0,4.385557516066509,0.08,15.0,False,890.433872382897,1096.3893790166273,1096.3893790166273,87.7111503213302,493.3752205574823,445.2169361914485,2026-01-07 00:45:00
0.15044340889244207,0.3169175087344896,0.03,0.27746400486952566,0.3152144295530104,17.39457477879492,2.5143958123596017,0.6222304912321249,0.21051646513123703,0.24567528717260426,3.592818055895568,1.231061289564582,0.7139386089228842,0.11622256424326027,4.4229792290617125,0.0,0.0,0.0,0.0,0.0,0.0,0.0,0.0,4.4229792290617125,0.08,15.0,False,898.204513973892,1105.744807265428,1105.744807265428,88.45958458123425,497.58516326944266,449.102256986946,2026-01-07 01:00:00
0.11485397912175041,0.407367025612101,0.03,0.28047701596076585,0.25199166851865196,17.68905185219144,2.2171092396417533,0.5843808349007305,0.21036597985642286,0.26078502792135444,3.272641082320261,1.2336188039119007,0.6575134259447627,0.10703706933984514,4.037191577604869,0.0,0.0,0.0,0.0,0.0,0.0,0.0,0.0,4.037191577604869,0.08,15.0,False,818.1602705800652,1009.2978944012171,1009.2978944012171,80.74383155209738,454.18405248054773,409.0801352900326,2026-01-07 01:15:00
0.1402811242939891,0.4551809426347539,0.03,0.25942313312765164,0.28005095040195943,17.38421249209714,2.349049819387697,0.6011791233464335,0.2131915932490719,0.2673553359706839,3.4307758719538866,1.2323224397219996,0.68545974981206,0.11158647089963769,4.227822092665584,0.0,0.0,0.0,0.0,0.0,0.0,0.0,0.0,4.227822092665584,0.08,15.0,False,857.6939679884716,1056.955523166396,1056.955523166396,84.55644185331168,475.6299854248782,428.8469839942358,2026-01-07 01:30:00
0.1091770572701366,0.5090529061172038,0.05452735367554796,0.2601027802865386,0.3368609765260697,17.557735524913003,2.6161823787086975,0.6351896589477901,0.212733156615195,0.2776802166627492,3.741785410934432,1.2299619490742364,0.7400027088597813,0.12046555725624353,4.602253677050457,0.0,0.0,0.0,0.0,0.0,0.0,0.0,0.0,4.602253677050457,0.08,15.0,False,935.446352733608,1150.5634192626142,1150.5634192626142,92.04507354100913,517.7535386681764,467.723176366804,2026-01-07 01:45:00
0.19452990841040685,0.642642717624768,0.03,0.26173170799075224,0.42115931971946496,17.148708344491624,3.0125707224594263,0.685656662713127,0.22332015916738454,0.29842483993605806,4.219972384275995,1.2268217597381161,0.823176143533052,0.13400541871468286,5.17715394652373,0.0,0.0,0.0,0.0,0.0,0.0,0.0,0.0,5.17715394652373,0.08,15.0,False,1054.9930960689987,1294.2884866309325,1294.2884866309325,103.5430789304746,582.4298189839196,527.4965480344994,2026-01-07 02:00:00
0.340089100695865,0.7187125671589978,0.03540108864854259,0.2877361483184772,0.4414381566264762,16.581156976158752,3.1079260315942694,0.6977970215834655,0.23856706979757705,0.31290830968678296,4.357198432662095,1.2260300741893382,0.8469777810933617,0.13788010389891936,5.342056317654376,0.0,0.0,0.0,0.0,0.0,0.0,0.0,0.0,5.342056317654376,0.08,15.0,False,1089.2996081655238,1335.5140794135941,1335.5140794135941,106.84112635308753,600.9813357361173,544.6498040827619,2026-01-07 02:15:00
0.2501002111520128,0.8821053708513977,0.041687595877836395,0.31283477648132035,0.5137514135980343,16.685914575029013,3.4479580070319855,0.7410888974806576,0.23694700174441014,0.34179089152825526,4.767784797785308,1.223952848228185,0.9182727272746324,0.1494862579284285,5.835543782988369,0.0,0.0,0.0,0.0,0.0,0.0,0.0,0.0,5.835543782988369,0.08,15.0,False,1191.946199446327,1458.8859457470921,1458.8859457470921,116.71087565976737,656.4986755861914,595.9730997231635,2026-01-07 02:30:00
0.19400922439876053,0.8124765409168616,0.03,0.3020645888307472,0.47034995388108847,16.506696192140822,3.2438753159392855,0.7151056865659284,0.22965803643522406,0.32896563401271023,4.517604672953148,1.2251665374184753,0.8748035254055697,0.14240987622881374,5.534818074587531,0.0,0.0,0.0,0.0,0.0,0.0,0.0,0.0,5.534818074587531,0.08,15.0,False,1129.401168238287,1383.704518646883,1383.704518646883,110.69636149175064,622.6670333910973,564.7005841191435,2026-01-07 02:45:00
0.21118331660485593,0.8639194827601381,0.07410791810381448,0.2945280823736259,0.4750078369244733,16.517866337889846,3.2657776508489538,0.7178942277422327,0.23323064691936576,0.3394895352934084,4.556392060803961,1.224967742177168,0.8815354615780151,0.14350577281502575,5.581433295197002,0.0,0.0,0.0,0.0,0.0,0.0,0.0,0.0,5.581433295197002,0.08,15.0,False,1139.0980152009902,1395.3583237992505,1395.3583237992505,111.62866590394003,627.9112457096627,569.5490076004951,2026-01-07 03:00:00
0.30599241262499643,0.8387607442677497,0.09183103284890115,0.30677904416926566,0.5043816286449762,16.459865547500325,3.403899329267436,0.7354794755799028,0.24106753432631142,0.3371139408433277,4.717560280016977,1.2241834838457688,0.9095352249908989,0.14806387383572772,5.775159378843604,0.0,0.0,0.0,0.0,0.0,0.0,0.0,0.0,5.775159378843604,0.08,15.0,False,1179.3900700042443,1443.789844710901,1443.789844710901,115.50318757687208,649.7054301199055,589.6950350021222,2026-01-07 03:15:00
0.19579555389880154,0.8682195355729485,0.08236671959989696,0.29082398899141854,0.48786104950021025,16.898220688131033,3.326216129848285,0.7255890779953181,0.2321291520053781,0.3404369279219101,4.624371287770892,1.2246287385500674,0.8933393525048484,0.14542733645427763,5.663137976730018,0.0,0.0,0.0,0.0,0.0,0.0,0.0,0.0,5.663137976730018,0.08,15.0,False,1156.0928219427228,1415.7844941825044,1415.7844941825044,113.26275953460036,637.103022382127,578.0464109713614,2026-01-07 03:30:00
0.19511631033308438,0.8053729510761398,0.057163588653140654,0.30211812280926287,0.46453070382613815,16.452585827106084,3.2165119917768976,0.7116218682213512,0.23007838370086267,0.3293423318504616,4.487554575549573,1.2253232329683776,0.8695892623729844,0.1415610427118812,5.498704880634438,0.0,0.0,0.0,0.0,0.0,0.0,0.0,0.0,5.498704880634438,0.08,15.0,False,1121.888643887393,1374.6762201586096,1374.6762201586096,109.97409761268877,618.6042990713743,560.9443219436965,2026-01-07 03:45:00
0.28896452203113526,0.7891490389022185,0.11708590982244546,0.2981921301147093,0.42992483361074973,15.891800632646907,3.053787992003136,0.6909043248355211,0.23840351286155004,0.3298289501001529,4.31292477980036,1.226280164046223,0.8392992209553319,0.13663010573691448,5.2888541064926065,0.0,0.0,0.0,0.0,0.0,0.0,0.0,0.0,5.2888541064926065,0.08,15.0,False,1078.23119495009,1322.2135266231517,1322.2135266231517,105.77708212985213,594.9960869804182,539.115597475045,2026-01-07 04:00:00
0.13892153394757195,0.7737199172082306,0.08911285227977786,0.4263388061995008,0.4724906959049028,15.951456435279754,3.2539415302096013,0.7163872875047345,0.229233326297812,0.33371101747836934,4.533273161490516,1.2250857629150325,0.8775227133284473,0.14285253472788684,5.553648409546851,0.0,0.0,0.0,0.0,0.0,0.0,0.0,0.0,5.553648409546851,0.08,15.0,False,1133.318290372629,1388.4121023867126,1388.4121023867126,111.072968190937,624.7854460740207,566.6591451863145,2026-01-07 04:15:00
0.04,0.7151815160664012,0.07039782966068095,0.3121064509618013,0.36488958037700087,16.66099625003288,2.7479787039653765,0.6519695813341284,0.21518065930481545,0.315841542079522,3.9309704866838424,1.2286487302955686,0.7729778131242677,0.12583359748534595,4.829781897293456,0.0,0.0,0.0,0.0,0.0,0.0,0.0,0.0,4.829781897293456,0.08,15.0,False,982.7426216709606,1207.4454743233641,1207.4454743233641,96.59563794586913,543.3504634455139,491.3713108354803,2026-01-07 04:30:00
0.04,0.7752708211347583,0.08581289311756563,0.3132716482332438,0.3544611301454541,17.017415620548206,2.6989419618589956,0.645726366851316,0.21731092555727063,0.32670410813732037,3.888683362404903,1.2289342128195335,0.7656172914498617,0.12463537302672167,4.778936026881486,0.0,0.0,0.0,0.0,0.0,0.0,0.0,0.0,4.778936026881486,0.08,15.0,False,972.1708406012257,1194.7340067203716,1194.7340067203716,95.57872053762972,537.6303030241672,486.08542030061284,2026-01-07 04:45:00
0.04,0.815342559238107,0.19077888800425885,0.2925144232786077,0.36054469714990134,17.114566779130104,2.7275481592958433,0.6493684241835195,0.21989675433560057,0.3379867901131669,3.93480012792813,1.2286231051040446,0.7736441519612198,0.12594207124950096,4.834386351138851,0.0,0.0,0.0,0.0,0.0,0.0,0.0,0.0,4.834386351138851,0.08,15.0,False,983.7000319820324,1208.5965877847127,1208.5965877847127,96.68772702277703,543.8684645031208,491.8500159910162,2026-01-07 05:00:00
0.04,0.8388109821967829,0.06906980985753661,0.3331362111584119,0.37475598753033074,17.08263868893763,2.7943726026130213,0.6578763167229261,0.21952410566323205,0.33747671801896206,4.009249743018142,1.228132495771133,0.7865905290382721,0.1280496210062304,4.923889893062644,0.0,0.0,0.0,0.0,0.0,0.0,0.0,0.0,4.923889893062644,0.08,15.0,False,1002.3124357545354,1230.9724732656612,1230.9724732656612,98.4777978612529,553.9376129695476,501.1562178772677,2026-01-07 05:15:00
0.05172681647118761,0.917675858287123,0.130596973501311,0.3252932626210836,0.43145678348274297,17.118176041080112,3.0609915389468223,0.6918214593488392,0.22379717507288646,0.3534960624028939,4.330106235771442,1.226182507332771,0.8422790854646843,0.13711519995936727,5.309500521195494,0.0,0.0,0.0,0.0,0.0,0.0,0.0,0.0,5.309500521195494,0.08,15.0,False,1082.5265589428604,1327.3751302988735,1327.3751302988735,106.19001042390988,597.318808634493,541.2632794714302,2026-01-07 05:30:00
0.04,0.9654614429024275,0.03,0.3378157079748538,0.49407347315702016,17.652391291826625,3.355428238066726,0.7293082781148368,0.22266933590883484,0.35644021027952266,4.66384606236992,1.2244373807858553,0.9001975993789874,0.14654379524774208,5.71058745699665,0.0,0.0,0.0,0.0,0.0,0.0,0.0,0.0,5.71058745699665,0.08,15.0,False,1165.96151559248,1427.6468642491625,1427.6468642491625,114.211749139933,642.4410889121232,582.98075779624,2026-01-07 05:45:00
0.04,0.9763125862071631,0.07915706001385783,0.3976255903808704,0.4738214937446378,18.13324546875648,3.260199218457986,0.7171839980573338,0.2259416371431813,0.3647691347583536,4.568093988416855,1.2249085326025695,0.8835668515238907,0.1438364642015636,5.5954973041423095,0.0,0.0,0.0,0.0,0.0,0.0,0.0,0.0,5.5954973041423095,0.08,15.0,False,1142.023497104214,1398.8743260355773,1398.8743260355773,111.90994608284619,629.4934467160098,571.011748552107,2026-01-07 06:00:00
0.04,0.8655675708516779,0.2259246832007143,0.3796060720227301,0.5263723331556094,18.260195952464468,3.5073041959429716,0.7486446805566417,0.22496297187001454,0.3537212009305451,4.834633049300173,1.2236560185770748,0.9299135100153524,0.15138126907226668,5.915927828387792,0.0,0.0,0.0,0.0,0.0,0.0,0.0,0.0,5.915927828387792,0.08,15.0,False,1208.6582623250433,1478.981957096948,1478.981957096948,118.31855656775585,665.5418806936266,604.3291311625217,2026-01-07 06:15:00
0.07682471276846967,0.7918044487327717,0.30814367809505183,0.3471772179347211,0.5464373174954706,18.811165602387977,3.601653925825742,0.7606570120197652,0.2263693133170934,0.3442005559620869,4.932880807124687,1.2232407878142024,0.9470493699154239,0.15417082766065038,6.034101004700761,0.0,0.0,0.0,0.0,0.0,0.0,0.0,0.0,6.034101004700761,0.08,15.0,False,1233.2202017811717,1508.5252511751903,1508.5252511751903,120.68202009401523,678.8363630288356,616.6101008905858,2026-01-07 06:30:00
0.0465420761022343,0.7847843503318156,0.45668286954647647,0.3895964159546405,0.5887915048780192,19.046608417249285,3.8008121245694615,0.7860132509817703,0.22800490106659274,0.35414648785306113,5.1689767644708855,1.222345273582976,0.9883958954426798,0.1609016573976455,6.318274317311211,0.0,0.0,0.0,0.0,0.0,0.0,0.0,0.0,6.318274317311211,0.08,15.0,False,1292.2441911177214,1579.5685793278028,1579.5685793278028,126.36548634622423,710.8058606975113,646.1220955588607,2026-01-07 06:45:00
0.44779515164892375,0.7384622520320857,0.650466557534687,0.3849298654775761,0.6115806083480282,19.31289478212676,3.9079712292189646,0.7996564345493414,0.2634477802486881,0.35723628958929804,5.3283117336062915,1.2218225786845245,1.016468269953859,0.1654715788296981,6.510251582389849,0.0,0.0,0.0,0.0,0.0,0.0,0.0,0.0,6.510251582389849,0.08,15.0,False,1332.0779334015729,1627.562895597462,1627.562895597462,130.20503164779697,732.403303018858,666.0389667007864,2026-01-07 07:00:00
0.5137962530144458,0.8549801142630977,0.9015548312301573,0.40073720002441354,0.6596313566134884,19.75485430863027,4.133915842118798,0.828423041362442,0.2778597941840607,0.39173026058824295,5.6319289382535445,1.2210087539257768,1.0704468132840677,0.1742587835578715,6.876634535095484,0.0,0.0,0.0,0.0,0.0,0.0,0.0,0.0,6.876634535095484,0.08,15.0,False,1407.982234563386,1719.1586337738709,1719.1586337738709,137.53269070190967,773.6213851982419,703.991117281693,2026-01-07 07:15:00
0.586873642953694,0.8504377569191501,1.0,0.40521852625793453,0.7115306857038186,20.50564978763535,4.377957282561981,0.8594936832920376,0.28585816843184897,0.39686141185805257,5.920170546143921,1.2204572606382427,1.122424339758124,0.18272024135597364,7.2253151272580185,0.0,0.0,0.0,0.0,0.0,0.0,0.0,0.0,7.2253151272580185,0.08,15.0,False,1480.0426365359801,1806.3287818145047,1806.3287818145047,144.5063025451604,812.8479518165271,740.0213182679901,2026-01-07 07:30:00
0.6312671193607023,0.8085595604506016,0.8846253860537299,0.4301131144679312,0.6853436090353812,21.871249065146568,4.254820201155042,0.8438162304885198,0.2868148249198174,0.3849475170208889,5.770398773584268,1.2207169389401953,1.0953172882420075,0.17830746552776877,7.044023527354044,0.0,0.0,0.0,0.0,0.0,0.0,0.0,0.0,7.044023527354044,0.08,15.0,False,1442.5996933960669,1761.005881838511,1761.005881838511,140.88047054708088,792.45264682733,721.2998466980334,2026-01-07 07:45:00
0.5367553699122658,0.8742106151646075,0.6835189861292368,0.42814739756787784,0.6159274740544934,22.674342318212013,3.928411095918832,0.8022587785535682,0.2769116286751744,0.3842147991978205,5.391796302345395,1.2239928516443006,1.0386424931528848,0.1690813360946557,6.599520131592936,0.0,0.0,0.0,0.0,0.0,0.0,0.0,0.0,6.599520131592936,0.08,15.0,False,1347.9490755863487,1649.8800328982338,1649.8800328982338,131.9904026318587,742.4460148042052,673.9745377931744,2026-01-07 08:00:00
0.6069648618775125,0.694527259844559,0.5058222494325223,0.4446549608405094,0.5860546461098611,22.86699724928864,3.7879428453749577,0.7843747720209092,0.2743913702701904,0.34549755331206655,5.192206540978123,1.2252994612020542,1.0060291490736515,0.16377218705850138,6.362007877110276,0.0,0.0,0.0,0.0,0.0,0.0,0.0,0.0,6.362007877110276,0.08,15.0,False,1298.0516352445309,1590.501969277569,1590.501969277569,127.24015754220552,715.7258861749061,649.0258176222654,2026-01-07 08:15:00
0.5671163885142247,0.5827788039070392,0.33575505055929766,0.47468400623919743,0.5263229632792592,23.070612498081097,3.5070720485154387,0.748615124225624,0.2654003646571376,0.31926743716576983,4.8403549745639705,1.2273782931760437,0.9465088211349741,0.15408283134755396,5.940946627046499,0.0,0.0,0.0,0.0,0.0,0.0,0.0,0.0,5.940946627046499,0.08,15.0,False,1210.0887436409926,1485.2366567616245,1485.2366567616245,118.81893254092996,668.3564955427311,605.0443718204963,2026-01-07 08:30:00
0.6185572020389074,0.6941558599490525,0.26578899713608295,0.47103746872273355,0.49816830621070424,23.660766612103863,3.3746829948104238,0.7317597373880587,0.27145198958098005,0.33343278647308067,4.711327508252543,1.230025244541429,0.9320028654924756,0.15172139670807738,5.795051770453096,0.0,0.0,0.0,0.0,0.0,0.0,0.0,0.0,5.795051770453096,0.08,15.0,False,1177.8318770631358,1448.762942613274,1448.762942613274,115.90103540906192,651.9433241759733,588.9159385315679,2026-01-07 08:45:00
0.5559976052744398,0.7208580020245219,0.22519893479979625,0.47460384247389387,0.48856881345614966,24.77740680845549,3.329544183184015,0.7260127960053794,0.26639326687097115,0.33575195029644395,4.65770219635681,1.2341878221734126,0.9380683349795248,0.15270879871759713,5.748479330053932,0.0,0.0,0.0,0.0,0.0,0.0,0.0,0.0,5.748479330053932,0.08,15.0,False,1164.4255490892026,1437.119832513483,1437.119832513483,114.96958660107865,646.7039246310674,582.2127745446013,2026-01-07 09:00:00
0.6250208186593208,0.7516831225589133,0.33236753457872426,0.48531374998582455,0.5561664593334107,25.480883962920558,3.6474023744092388,0.7664815705955177,0.27548685227477754,0.347603556408105,5.036974353687639,1.2350112442098584,1.0180212245254208,0.16572438538785916,6.220719963600919,0.0,0.0,0.0,0.0,0.0,0.0,0.0,0.0,6.220719963600919,0.08,15.0,False,1259.2435884219099,1555.1799909002298,1555.1799909002298,124.41439927201839,699.8309959051035,629.6217942109549,2026-01-07 09:15:00
0.5998652620595017,0.6675008448999101,0.4211976845893487,0.4707552014569975,0.568775882464404,25.809107054196822,3.706694504731181,0.7740304710901649,0.2721866982880521,0.3378583819620679,5.090770056071466,1.2359577824107386,1.0330378593465086,0.16816895384710606,6.29197686926508,0.0,0.0,0.0,0.0,0.0,0.0,0.0,0.0,6.29197686926508,0.08,15.0,False,1272.6925140178664,1572.9942173162701,1572.9942173162701,125.83953738530161,707.8473977923215,636.3462570089332,2026-01-07 09:30:00
0.5474835625068512,0.6971513579394837,0.47059392713176457,0.47819217425566096,0.6053303277641111,26.157389799147715,3.8785811098550256,0.7959145705717862,0.26996726851891895,0.3460250215995766,5.290487970545307,1.2364915659681361,1.0759939750052678,0.1751618098845784,6.541643755435153,0.0,0.0,0.0,0.0,0.0,0.0,0.0,0.0,6.541643755435153,0.08,15.0,False,1322.6219926363267,1635.4109388587883,1635.4109388587883,130.83287510870306,735.9349224864548,661.3109963181633,2026-01-07 09:45:00
0.6291385311798245,0.8524563059502839,0.5606065803645615,0.4952917402002869,0.6617008747024559,25.906758668986765,4.143647146632886,0.8296620025713088,0.28367540693426607,0.3778356234576021,5.634820179596063,1.234675808116895,1.1372261421464802,0.1851298370936132,6.957176158836156,0.0,0.0,0.0,0.0,0.0,0.0,0.0,0.0,6.957176158836156,0.08,15.0,False,1408.7050448990158,1739.294039709039,1739.294039709039,139.14352317672314,782.6823178690676,704.3525224495079,2026-01-07 10:00:00
0.6603425424181776,0.8794276616100439,0.5766998504538887,0.4977450847100412,0.6476452485978179,26.027219825175408,4.077554669118649,0.8212473017755937,0.2874538425204301,0.3833539976809628,5.569609811095635,1.2352515747992576,1.1268231520067735,0.1834363270708701,6.8798692901732785,0.0,0.0,0.0,0.0,0.0,0.0,0.0,0.0,6.8798692901732785,0.08,15.0,False,1392.4024527739086,1719.9673225433196,1719.9673225433196,137.59738580346558,773.9852951444939,696.2012263869543,2026-01-07 10:15:00
0.6260143057506741,0.854126789390138,0.6223164661304916,0.5005878316549619,0.636232678676552,26.318212229275495,4.023890391534312,0.8144149230197343,0.28486498408367245,0.3819529770446539,5.505123275682373,1.2364333302385522,1.1193713813212813,0.18222324812206914,6.806717905125724,0.0,0.0,0.0,0.0,0.0,0.0,0.0,0.0,6.806717905125724,0.08,15.0,False,1376.2808189205932,1701.6794762814309,1701.6794762814309,136.13435810251448,765.7557643266439,688.1404094602966,2026-01-07 10:30:00
0.7240035223750176,0.7963302390090771,0.6600667345640508,0.5062808827835694,0.603898532555452,26.989001584339746,3.8718485109705068,0.7950573957869767,0.2921745337589516,0.3749221099187075,5.334002550435143,1.2392666328689934,1.097573993763226,0.1786748361940136,6.610251380392382,0.0,0.0,0.0,0.0,0.0,0.0,0.0,0.0,6.610251380392382,0.08,15.0,False,1333.5006376087856,1652.5628450980955,1652.5628450980955,132.20502760784765,743.653280294143,666.7503188043928,2026-01-07 10:45:00
0.6762657815920377,0.7599945678385844,0.6741139535551834,0.4950596025297328,0.6235069281375462,27.51149116560697,3.9640512655437945,0.806796380637527,0.2870601659192195,0.36902483698283794,5.426932649083379,1.2408222474389103,1.1239564608365984,0.1829696564152603,6.733858766335238,0.0,0.0,0.0,0.0,0.0,0.0,0.0,0.0,6.733858766335238,0.08,15.0,False,1356.7331622708448,1683.4646915838093,1683.4646915838093,134.67717532670474,757.5591112127142,678.3665811354224,2026-01-07 11:00:00
0.6618367169723572,0.6196220550172277,0.671116787791811,0.511628291295848,0.5872517577585844,27.726587407870692,3.7935719133464776,0.7850914484797222,0.2821836769186503,0.3467342447392806,5.2075812834841315,1.2422556472825812,1.084946738162109,0.17661923644499455,6.469147258091235,0.0,0.0,0.0,0.0,0.0,0.0,0.0,0.0,6.469147258091235,0.08,15.0,False,1301.895320871033,1617.2868145228088,1617.2868145228088,129.3829451618247,727.779066535264,650.9476604355165,2026-01-07 11:15:00
0.659124920186311,0.6833223803156087,0.847115890343555,0.5406536859006472,0.660576545925638,28.328434114732598,4.138360318863902,0.8289888991334041,0.28830005553264915,0.36907069130975434,5.624719964839709,1.2431748269008887,1.1762996612816472,0.19149064253422154,6.992510268655578,0.0,0.0,0.0,0.0,0.0,0.0,0.0,0.0,6.992510268655578,0.08,15.0,False,1406.1799912099273,1748.1275671638946,1748.1275671638946,139.85020537311158,786.6574052237526,703.0899956049636,2026-01-07 11:30:00
0.5946421836575811,0.7658357685653107,0.7965315981593093,0.5234071790772508,0.645006063182515,28.301692868359908,4.065144670345327,0.8196672970537221,0.2838561180593741,0.3787260165107115,5.547394101969134,1.2432672641867535,1.1605694724345168,0.1889299141172469,6.896893488520898,0.0,0.0,0.0,0.0,0.0,0.0,0.0,0.0,6.896893488520898,0.08,15.0,False,1386.8485254922834,1724.2233721302246,1724.2233721302246,137.93786977041796,775.900517458601,693.4242627461417,2026-01-07 11:45:00
0.6068886932337526,0.7605065173554483,0.7654565557205966,0.526184093303182,0.6722482400374943,29.458450711498486,4.193243052290226,0.835976408120853,0.28418482865580746,0.3762529152623241,5.689657204329211,1.2469856319734562,1.2085266790782772,0.19673690124530108,7.094920784652789,0.0,0.0,0.0,0.0,0.0,0.0,0.0,0.0,7.094920784652789,0.08,15.0,False,1422.4143010823027,1773.7301961631972,1773.7301961631972,141.89841569305577,798.1785882734388,711.2071505411513,2026-01-07 12:00:00
0.5482412198700779,0.6498413597316663,0.8211138356863268,0.5110548627522988,0.672917411053435,29.971871975265852,4.196389633594751,0.836377021643039,0.27665553506626994,0.36021617708552534,5.669638367389585,1.2488259111807567,1.2132475222347383,0.19750541059635274,7.080391300220676,0.0,0.0,0.0,0.0,0.0,0.0,0.0,0.0,7.080391300220676,0.08,15.0,False,1417.4095918473963,1770.097825055169,1770.097825055169,141.60782600441354,796.5440212748262,708.7047959236982,2026-01-07 12:15:00
0.5052724292878858,0.6095127439762803,0.845435010299633,0.5089272626536588,0.6933563968219889,30.342801767438797,4.292497995987532,0.8486132570501197,0.2723202419302354,0.3548136615745216,5.768245156542409,1.24992090320585,1.2397803339148297,0.20182470552101872,7.209850195978257,0.0,0.0,0.0,0.0,0.0,0.0,0.0,0.0,7.209850195978257,0.08,15.0,False,1442.0612891356022,1802.4625489945643,1802.4625489945643,144.19700391956513,811.108147047554,721.0306445678011,2026-01-07 12:30:00
0.5807757790669174,0.5948993493461092,0.7620344440358185,0.5322119393934679,0.6738315588996242,30.035203452320488,4.2006881469102835,0.836924295777358,0.277236800541062,0.3491156786760909,5.663964921904794,1.2490600330872659,1.2131738701350607,0.19749342071966103,7.074632212759516,0.0,0.0,0.0,0.0,0.0,0.0,0.0,0.0,7.074632212759516,0.08,15.0,False,1415.9912304761986,1768.658053189879,1768.658053189879,141.49264425519033,795.8961239354455,707.9956152380993,2026-01-07 12:45:00
0.48705523725890376,0.6528976957498709,0.8668847367987472,0.5299462990266837,0.6383099987968989,30.327291989307124,4.033658382822768,0.8156585550813378,0.27322501515547437,0.3645061698416519,5.487048122901233,1.2505128105189225,1.1821352281796866,0.19244061854087913,6.861623969621799,0.0,0.0,0.0,0.0,0.0,0.0,0.0,0.0,6.861623969621799,0.08,15.0,False,1371.7620307253083,1715.4059924054498,1715.4059924054498,137.23247939243598,771.9326965824524,685.8810153626541,2026-01-07 13:00:00
0.3246078640110266,0.5497831475814495,0.8498401315001053,0.4778581743806351,0.529643264635006,31.022487206784024,3.522684796112842,0.750602893553879,0.2546872955732172,0.3432667124945877,4.871241697734526,1.2550770775784086,1.0685862029351394,0.17395589350106921,6.113783794170734,0.0,0.0,0.0,0.0,0.0,0.0,0.0,0.0,6.113783794170734,0.08,15.0,False,1217.8104244336314,1528.4459485426835,1528.4459485426835,122.27567588341468,687.8006768442076,608.9052122168157,2026-01-07 13:15:00
0.45089004136241995,0.6596119015819608,0.7763578365381633,0.4790991950780603,0.5917190221120697,30.7559172885678,3.8145779195275518,0.7877658717057028,0.2669646980554889,0.35728245340489445,5.226590942693638,1.2527943859660844,1.1362774493265575,0.18497539872757907,6.547843790747774,0.0,0.0,0.0,0.0,0.0,0.0,0.0,0.0,6.547843790747774,0.08,15.0,False,1306.6477356734094,1636.9609476869437,1636.9609476869437,130.95687581495548,736.6324264591246,653.3238678367047,2026-01-07 13:30:00
0.6135193083574259,0.7436029139966321,0.8692466705601468,0.49819107067037477,0.6728148725747503,31.044648313464418,4.195907476339971,0.8363156347925524,0.2853621663737109,0.3776168722061462,5.69520214971238,1.2525255124711652,1.2368381036753802,0.20134573780762,7.1333859911953805,0.0,0.0,0.0,0.0,0.0,0.0,0.0,0.0,7.1333859911953805,0.08,15.0,False,1423.8005374280951,1783.3464977988451,1783.3464977988451,142.66771982390762,802.5059240094803,711.9002687140476,2026-01-07 13:45:00
0.5592478800659375,0.7337065392712643,0.8831320892388248,0.4852972263600913,0.6793151353389068,31.467775654869417,4.2264730639116905,0.8402071559419273,0.2804357897235879,0.37596735378827123,5.723083363365476,1.2539482772400963,1.2498957581401822,0.20347140248793671,7.176450523993595,0.0,0.0,0.0,0.0,0.0,0.0,0.0,0.0,7.176450523993595,0.08,15.0,False,1430.7708408413691,1794.1126309983988,1794.1126309983988,143.5290104798719,807.3506839492795,715.3854204206846,2026-01-07 14:00:00
0.42277050702237856,0.5783075770406367,0.7758021838543928,0.5018569049108477,0.5860147776435861,31.54221615936226,3.787755375553892,0.7843509039119833,0.26296645165163907,0.3452623324001849,5.180335063517699,1.2557035909939742,1.1391820393323873,0.1854482389610863,6.504965341811173,0.0,0.0,0.0,0.0,0.0,0.0,0.0,0.0,6.504965341811173,0.08,15.0,False,1295.0837658794248,1626.2413354527932,1626.2413354527932,130.09930683622346,731.8086009537569,647.5418829397124,2026-01-07 14:15:00
0.4217994374480143,0.5716082692084343,0.8987266105295785,0.4823636128321773,0.5448641059373932,31.64502539181953,3.594256357851658,0.7597151753167232,0.26447937470391947,0.34992998388356267,4.968380891755863,1.2568544945348332,1.0974898278432892,0.17866113476518675,6.244531854364339,0.0,0.0,0.0,0.0,0.0,0.0,0.0,0.0,6.244531854364339,0.08,15.0,False,1242.0952229389657,1561.1329635910847,1561.1329635910847,124.89063708728678,702.5098336159881,621.0476114694828,2026-01-07 14:30:00
0.4281886984845327,0.715703139461249,0.903290754527952,0.4494921961084202,0.6449048802238957,31.527091280129195,4.064668887027844,0.8196067217142767,0.26829520208907665,0.371903657831723,5.524474468662921,1.254614276987917,1.209684662416062,0.19692541016075427,6.931084541239737,0.0,0.0,0.0,0.0,0.0,0.0,0.0,0.0,6.931084541239737,0.08,15.0,False,1381.1186171657303,1732.7711353099342,1732.7711353099342,138.62169082479474,779.7470108894704,690.5593085828651,2026-01-07 14:45:00
0.44546452110409407,0.5462423427059226,0.8733305978803441,0.45755182563051544,0.5347272152433677,31.250249518488427,3.5465905893350858,0.7536465091787597,0.26435663404461984,0.3427482119131302,4.907341944471595,1.255722190858494,1.0792279606655693,0.17568827266648812,6.162258177803652,0.0,0.0,0.0,0.0,0.0,0.0,0.0,0.0,6.162258177803652,0.08,15.0,False,1226.8354861178987,1540.564544450913,1540.564544450913,123.24516355607304,693.2540450029109,613.4177430589493,2026-01-07 15:00:00
0.4069172908234824,0.5930720403143691,0.9633694850787837,0.4263158273570331,0.5240616550130032,31.190284523876677,3.4964389066953836,0.7472613437304854,0.26331836404203224,0.35364090707235374,4.860659521540255,1.2557095807740883,1.0689087993432296,0.1740084091954095,6.103576730078894,0.0,0.0,0.0,0.0,0.0,0.0,0.0,0.0,6.103576730078894,0.08,15.0,False,1215.1648803850637,1525.8941825197235,1525.8941825197235,122.07153460157788,686.6523821338756,607.5824401925319,2026-01-07 15:15:00
0.4897320428536063,0.5694069035711143,0.9409549787995486,0.4337229150528318,0.5590850964942118,31.197799688569425,3.6611264134158548,0.7682288750739209,0.2692537699684196,0.34892536994592593,5.047534428404121,1.2549801573273731,1.1068381654960409,0.18018295717377408,6.334555551073936,0.0,0.0,0.0,0.0,0.0,0.0,0.0,0.0,6.334555551073936,0.08,15.0,False,1261.8836071010303,1583.638887768484,1583.638887768484,126.69111102147872,712.6374994958178,630.9418035505151,2026-01-07 15:30:00
0.5584035525293256,0.6856451911766688,0.9316550985847636,0.47690271741955775,0.5753198988921971,30.65947805514313,3.7374658311300806,0.7779481863048542,0.27962170450222623,0.37027377416724017,5.165309496104401,1.2526662519637146,1.1223854759274228,0.18271391468585962,6.470408886717683,0.0,0.0,0.0,0.0,0.0,0.0,0.0,0.0,6.470408886717683,0.08,15.0,False,1291.3273740261002,1617.6022216794208,1617.6022216794208,129.40817773435367,727.9209997557394,645.6636870130501,2026-01-07 15:45:00
0.4905996956298567,0.6660223422525834,0.901380139761517,0.4495679599335779,0.5126869336730133,30.91603979337883,3.442952601012713,0.7404516238362526,0.2719365829105941,0.3636040099021311,4.8189448176616905,1.2549307788071633,1.0565077256399051,0.17198962975533338,6.047442173056929,0.0,0.0,0.0,0.0,0.0,0.0,0.0,0.0,6.047442173056929,0.08,15.0,False,1204.7362044154227,1511.8605432642323,1511.8605432642323,120.9488434611386,680.3372444689046,602.3681022077113,2026-01-07 16:00:00
0.5802694972169342,0.7246307208331737,0.9672347687845747,0.4409418548800124,0.5446473861080038,30.89191272523596,3.5932372961361443,0.7595854313617236,0.28210354915922714,0.3764788601045459,5.01140513676164,1.254048601486796,1.0949008011711143,0.1782396653069256,6.28454560323968,0.0,0.0,0.0,0.0,0.0,0.0,0.0,0.0,6.28454560323968,0.08,15.0,False,1252.85128419041,1571.13640080992,1571.13640080992,125.6909120647936,707.011380364464,626.425642095205,2026-01-07 16:15:00
0.7416954542082044,0.77525361453849,0.9989485332567826,0.4409239924770452,0.49536066933255046,30.77987421455547,3.361480902220874,0.7300788855998283,0.297566145119668,0.3866329057460392,4.77575883868641,1.2546463919546387,1.0458715911205938,0.17025816599637578,5.991888595803379,0.0,0.0,0.0,0.0,0.0,0.0,0.0,0.0,5.991888595803379,0.08,15.0,False,1193.9397096716025,1497.972148950845,1497.972148950845,119.8377719160676,674.0874670278803,596.9698548358012,2026-01-07 16:30:00
0.7542017219039436,0.8944114241242845,0.9823869913517908,0.46431259593527346,0.48272237844005306,30.48464853828569,3.302053029679845,0.7225127028031412,0.30258538519710293,0.40681144397974744,4.733962561659837,1.2538037138942217,1.0332876604435044,0.16820961914196575,5.935459841245307,0.0,0.0,0.0,0.0,0.0,0.0,0.0,0.0,5.935459841245307,0.08,15.0,False,1183.4906404149592,1483.8649603113267,1483.8649603113267,118.70919682490614,667.7392321400971,591.7453202074796,2026-01-07 16:45:00
0.7334689936475733,0.839467662901842,0.9100721473194877,0.4810676178484766,0.5038876753457433,30.35549495696942,3.401576658112157,0.7351837598864747,0.2983603313464615,0.39468230157608925,4.829803050921182,1.2529213095566898,1.0505416967842973,0.1710184157555834,6.051363163461063,0.0,0.0,0.0,0.0,0.0,0.0,0.0,0.0,6.051363163461063,0.15,15.0,False,1207.4507627302955,1512.8407908652657,1512.8407908652657,226.92611862978984,680.7783558893695,603.7253813651478,2026-01-07 17:00:00
0.7296561735394528,0.8407125320440233,0.9020103300508394,0.5365489250003806,0.5616147812111214,30.42981979963426,3.673021517129185,0.7697433248637644,0.2997552785131074,0.3979007404104553,5.140420860916512,1.2519502741694277,1.1138121829185785,0.18131826233558246,6.435551306170673,0.0,0.0,0.0,0.0,0.0,0.0,0.0,0.0,6.435551306170673,0.15,15.0,False,1285.105215229128,1608.8878265426683,1608.8878265426683,241.33317398140025,723.9995219442008,642.552607614564,2026-01-07 17:15:00
0.7738205261545074,0.7174614856598408,0.8562566168238345,0.5788644155399714,0.5679050727144629,30.15883871166349,3.702599776158529,0.7735091422328664,0.300229201704364,0.37761348659207233,5.153951606687833,1.2509538943730034,1.1123276353131464,0.18107659179516333,6.447355833796142,0.0,0.0,0.0,0.0,0.0,0.0,0.0,0.0,6.447355833796142,0.15,15.0,False,1288.487901671958,1611.8389584490355,1611.8389584490355,241.77584376735533,725.3275313020661,644.243950835979,2026-01-07 17:30:00
0.6582103008087843,0.8120502153356263,0.7226922589279988,0.6082811482817034,0.6486302486454334,29.649849870034945,4.082186344222546,0.8218369930936997,0.29181914608626003,0.38746040062258136,5.583302884025087,1.2478974961819016,1.190314652622508,0.19377215275250137,6.967389689400096,0.0,0.0,0.0,0.0,0.0,0.0,0.0,0.0,6.967389689400096,0.15,15.0,False,1395.8257210062716,1741.847422350024,1741.847422350024,261.2771133525036,783.8313400575108,697.9128605031358,2026-01-07 17:45:00
0.6828469398418873,0.8462836536565551,0.6073655885004628,0.627734590742052,0.6873935277873761,29.500723952420174,4.264459345510023,0.8450434581356661,0.2932281833682322,0.3877646847864467,5.790495671800368,1.246931250428636,1.2296747296817723,0.20017960715749772,7.220350008639638,0.0,0.0,0.0,0.0,0.0,0.0,0.0,0.0,7.220350008639638,0.15,15.0,False,1447.623917950092,1805.0875021599095,1805.0875021599095,270.7631253239864,812.2893759719593,723.811958975046,2026-01-07 18:00:00
0.6631885441393109,0.7148819717353729,0.6339956145776903,0.6505936985009213,0.6994581207366465,29.042486591075054,4.321189570992825,0.8522661844044523,0.28898148521656025,0.36903295097467015,5.831470191588508,1.24525273352277,1.229958244251525,0.20022576069210873,7.261654196532142,0.0,0.0,0.0,0.0,0.0,0.0,0.0,0.0,7.261654196532142,0.15,15.0,False,1457.867547897127,1815.4135491330355,1815.4135491330355,272.3120323699553,816.936097109866,728.9337739485635,2026-01-07 18:15:00
0.7845447860780637,0.7294362647590426,0.4322170014314152,0.6432127378602222,0.645175658049493,28.242308749588588,4.06594214068559,0.8197688286433849,0.2951925177560251,0.35949385121810806,5.540397338303108,1.2430770173835504,1.1581992036984536,0.18854405641602745,6.887140598417589,0.0,0.0,0.0,0.0,0.0,0.0,0.0,0.0,6.887140598417589,0.15,15.0,False,1385.099334575777,1721.7851496043972,1721.7851496043972,258.2677724406596,774.8033173219787,692.5496672878885,2026-01-07 18:30:00
0.7476647832188404,0.636604019383357,0.4669060435298038,0.6726218552442464,0.6298808294312229,27.974333942698745,3.9940226751981327,0.8106122527935181,0.2910463598693281,0.34799310803847494,5.443674395899453,1.2423953770643774,1.134788496716381,0.18473301109336426,6.763195903709199,0.0,0.0,0.0,0.0,0.0,0.0,0.0,0.0,6.763195903709199,0.15,15.0,False,1360.9185989748632,1690.7989759272996,1690.7989759272996,253.61984638909493,760.8595391672849,680.4592994874316,2026-01-07 18:45:00
0.82902649654082,0.692945047351786,0.42913590499197807,0.6547266997497169,0.6757927687345745,26.593781327449868,4.209910163485866,0.838098415936493,0.29810007824555274,0.35401919965744216,5.700127857325354,1.2369370527779109,1.1614914856758662,0.18908000929607138,7.050699352297292,0.0,0.0,0.0,0.0,0.0,0.0,0.0,0.0,7.050699352297292,0.15,15.0,False,1425.0319643313385,1762.674838074323,1762.674838074323,264.4012257111484,793.2036771334454,712.5159821656692,2026-01-07 19:00:00
0.7119515542603602,0.7805129815060265,0.504526886115738,0.6786072496482617,0.7859032144182663,26.522159788446174,4.727672382063287,0.9040183862041551,0.2933185990468115,0.37424796900783497,6.299257336322088,1.2358874022487876,1.2778872862790056,0.20802816288262882,7.785172785483723,0.0,0.0,0.0,0.0,0.0,0.0,0.0,0.0,7.785172785483723,0.15,15.0,False,1574.814334080522,1946.2931963709307,1946.2931963709307,291.9439794556396,875.8319383669188,787.407167040261,2026-01-07 19:15:00
0.719422595984261,0.7950815634030529,0.4327568708961006,0.7056260269246497,0.826338297684779,26.023646932668132,4.91780655407975,0.9282257124950314,0.2938386948704697,0.3742593191669685,6.514130280612219,1.2340827642643384,1.311367235662815,0.21347838720092338,8.038975903475958,0.0,0.0,0.0,0.0,0.0,0.0,0.0,0.0,8.038975903475958,0.15,15.0,False,1628.5325701530548,2009.7439758689895,2009.7439758689895,301.4615963803484,904.3847891410453,814.2662850765274,2026-01-07 19:30:00
0.7024840451754084,0.6795082691431471,0.4601975672306917,0.8515900543454329,0.7355484164388997,25.64291738226493,4.490893648166326,0.8738724108153224,0.2943693605781507,0.36588800490421547,6.025023424464015,1.233060279096883,1.2076065311489232,0.19658710972191784,7.429217065334856,0.0,0.0,0.0,0.0,0.0,0.0,0.0,0.0,7.429217065334856,0.15,15.0,False,1506.2558561160038,1857.304266333714,1857.304266333714,278.5956399500571,835.7869198501713,753.1279280580019,2026-01-07 19:45:00
0.6080990357840831,0.6986100578900128,0.41302367206055274,0.7485848301250282,0.6506159837524712,25.238711934941335,4.09152368372874,0.8230257958308298,0.28280615207966997,0.3599102496520718,5.557265881291311,1.2325222181694375,1.111281499120663,0.18090629055452645,6.849453670966501,0.0,0.0,0.0,0.0,0.0,0.0,0.0,0.0,6.849453670966501,0.15,15.0,False,1389.3164703228279,1712.3634177416252,1712.3634177416252,256.85451266124375,770.5635379837314,694.6582351614139,2026-01-07 20:00:00
0.5943279460478768,0.7693330951624164,0.42011563737938235,0.7138120883804334,0.6437008016756094,24.577509403235666,4.059007059245464,0.8188858743722273,0.2827633927961484,0.3698047990086878,5.530461125422527,1.230275428388518,1.0952352021647376,0.17829410267798051,6.803990430265245,0.0,0.0,0.0,0.0,0.0,0.0,0.0,0.0,6.803990430265245,0.15,15.0,False,1382.6152813556319,1700.9976075663114,1700.9976075663114,255.1496411349467,765.4489234048401,691.3076406778159,2026-01-07 20:15:00
0.645229122058311,0.6427227995776013,0.4647457561637721,0.618396152784421,0.6110410674010728,23.995806059719715,3.905434195461863,0.7993334268368518,0.2809356965215695,0.345486510923806,5.3311898297440905,1.2287990634810086,1.0490032666450362,0.17076797363988971,6.550961070029016,0.0,0.0,0.0,0.0,0.0,0.0,0.0,0.0,6.550961070029016,0.15,15.0,False,1332.7974574360226,1637.7402675072542,1637.7402675072542,245.66104012608812,736.9831203782644,666.3987287180113,2026-01-07 20:30:00
0.5857010096483729,0.6101864411521309,0.4216206169494173,0.6144060617721292,0.5692104007119441,23.074344122096377,3.7087376999109094,0.7742906047203645,0.2740664776499012,0.3374162190637641,5.094511001344939,1.22637232720798,0.9918004277705554,0.16145588359055552,6.24776731270605,0.0,0.0,0.0,0.0,0.0,0.0,0.0,0.0,6.24776731270605,0.15,15.0,False,1273.6277503362348,1561.9418281765124,1561.9418281765124,234.29127422647684,702.8738226794306,636.8138751681174,2026-01-07 20:45:00
0.44965172418647026,0.7181744340923671,0.48890597922309564,0.598112890914265,0.5532179444269211,22.809673793459936,3.6335378440278236,0.7647163791664692,0.2668376333298633,0.3580387173143605,5.023130573838516,1.2257152673904965,0.9750656441257516,0.15873161648558753,6.1569278344498555,0.0,0.0,0.0,0.0,0.0,0.0,0.0,0.0,6.1569278344498555,0.15,15.0,False,1255.782643459629,1539.2319586124638,1539.2319586124638,230.88479379186955,692.6543813756088,627.8913217298145,2026-01-07 21:00:00
0.04,0.7511684944869818,0.41068919096487183,0.5810329056721286,0.5033131214263195,22.751360832912116,3.3988749860758105,0.7348397909101397,0.23187705200022812,0.35796351519397557,4.723555344180154,1.2267853731926655,0.9212606049124503,0.14997265661365478,5.794788605706259,0.0,0.0,0.0,0.0,0.0,0.0,0.0,0.0,5.794788605706259,0.15,15.0,False,1180.8888360450385,1448.6971514265647,1448.6971514265647,217.3045727139847,651.9137181419542,590.4444180225192,2026-01-07 21:15:00
0.04,0.7830647128452936,0.44765227902163734,0.5785429052616047,0.5688833329431717,22.872084117047397,3.7071997592320463,0.7740947986144214,0.23347552761771567,0.3651721913505372,5.079942276814721,1.2257183056763934,0.9861069287445894,0.16052903491190995,6.226578240471221,0.0,0.0,0.0,0.0,0.0,0.0,0.0,0.0,6.226578240471221,0.15,15.0,False,1269.9855692036804,1556.6445601178052,1556.6445601178052,233.49668401767076,700.4900520530124,634.9927846018402,2026-01-07 21:30:00
0.04,0.901274538493978,0.507909061555197,0.5559784202373235,0.6246973351947935,21.88024565124639,3.96964880713164,0.8075090432494428,0.23743843235756576,0.38668871462876275,5.401284997367411,1.2216051639156025,1.029379276588981,0.16757337060750865,6.598237644563901,0.0,0.0,0.0,0.0,0.0,0.0,0.0,0.0,6.598237644563901,0.15,15.0,False,1350.3212493418528,1649.5594111409753,1649.5594111409753,247.4339116711463,742.3017350134389,675.1606246709264,2026-01-07 21:45:00
0.04,0.8889096392958393,0.5270788034590936,0.5089341094938535,0.6192064685867118,21.69304717114821,3.9438296102401855,0.804221818669604,0.23589688663969133,0.38279564710266223,5.366743962652143,1.2217063540319428,1.0232634638049911,0.16657777317755662,6.556585199634691,0.0,0.0,0.0,0.0,0.0,0.0,0.0,0.0,6.556585199634691,0.08,15.0,False,1341.685990663036,1639.1462999086727,1639.1462999086727,131.13170399269382,737.6158349589027,670.842995331518,2026-01-07 22:00:00
0.04,0.8931263220486014,0.6135394624486059,0.48477430141276795,0.5791437387111286,21.202667958698107,3.7554463213173785,0.7802374096896759,0.23693771938448926,0.38689782721773835,5.159519277609282,1.222378367749011,0.9867343087789053,0.16063116654540321,6.30688475293359,0.0,0.0,0.0,0.0,0.0,0.0,0.0,0.0,6.30688475293359,0.08,15.0,False,1289.8798194023204,1576.7211882333975,1576.7211882333975,126.1376950586718,709.5245347050288,644.9399097011602,2026-01-07 22:15:00
0.04,1.0,0.5012021049647905,0.4646475373737259,0.5493042374409841,19.805547936195946,3.6151347797288955,0.7623733548825569,0.2372236656887536,0.3968787346747471,5.0116105349749525,1.222926106881506,0.960808190160745,0.1564106356075632,6.128829360743261,0.0,0.0,0.0,0.0,0.0,0.0,0.0,0.0,6.128829360743261,0.08,15.0,False,1252.902633743738,1532.2073401858152,1532.2073401858152,122.57658721486521,689.4933030836169,626.451316871869,2026-01-07 22:30:00
0.04,0.932900323101172,0.40190304682425204,0.4449734439959545,0.5256098880331398,19.27299030299669,3.5037190203885342,0.7481882264982475,0.23261122944645898,0.37892975376997146,4.863448230103211,1.2235316419506532,0.9349357288385935,0.15219883957837577,5.9505827985201805,0.0,0.0,0.0,0.0,0.0,0.0,0.0,0.0,5.9505827985201805,0.08,15.0,False,1215.8620575258028,1487.645699630045,1487.645699630045,119.01165597040361,669.4405648335203,607.9310287629014,2026-01-07 22:45:00
0.04,0.8259696459061023,0.36865509433391347,0.4259929181301037,0.4522779301299925,18.982073456776284,3.1588969012806922,0.7042864835289075,0.228146647049644,0.3582106961698685,4.4495407280291115,1.2255248088929018,0.862994367220956,0.14048745512899286,5.45302255037906,0.0,0.0,0.0,0.0,0.0,0.0,0.0,0.0,5.45302255037906,0.08,15.0,False,1112.3851820072778,1363.2556375947652,1363.2556375947652,109.06045100758122,613.4650369176444,556.1925910036389,2026-01-07 23:00:00
0.04,0.8349846896131277,0.44671405736243514,0.6457237285621471,0.5858072506128285,18.701889468667495,3.786779540289647,0.7842266634222428,0.23721935800567315,0.3778876721408178,5.18611323385838,1.222285899375077,0.9914078662263107,0.16139197822288776,6.338913078307579,0.0,0.0,0.0,0.0,0.0,0.0,0.0,0.0,6.338913078307579,0.08,15.0,False,1296.528308464595,1584.7282695768947,1584.7282695768947,126.77826156615158,713.1277213096026,648.2641542322975,2026-01-07 23:15:00
0.04,0.8418613738466184,0.47670266787832954,0.4591577676225613,0.5026390270018273,18.894751505741525,3.395705253880209,0.7344362298842606,0.23185579840798742,0.369053873110458,4.731051155282914,1.2241208901786647,0.9118815609064137,0.1484458354963929,5.791378551685721,0.0,0.0,0.0,0.0,0.0,0.0,0.0,0.0,5.791378551685721,0.08,15.0,False,1182.7627888207287,1447.8446379214301,1447.8446379214301,115.82757103371442,651.5300870646436,591.3813944103644,2026-01-07 23:30:00
0.04,0.7821445161736402,0.4655735497906416,0.39069825642883593,0.4155813104734084,18.422497051921592,2.986341762758545,0.6823172683316976,0.2275988023039221,0.3542856966189099,4.250543530013075,1.2266411623294746,0.8284793885098042,0.13486873766438678,5.213891656187266,0.0,0.0,0.0,0.0,0.0,0.0,0.0,0.0,5.213891656187266,0.08,15.0,False,1062.6358825032687,1303.4729140468164,1303.4729140468164,104.27783312374531,586.5628113210674,531.3179412516344,2026-01-07 23:45:00
